site,block,plot,PD,PD_fac,rate,sample_date_standcounts,seedling_n,sample_date_groundcover,sp1_gc,sp2_gc,sp3_gc,canopy_ratio,sample_date_anthesis,sp1,sp2,sp3,rye biomass (dry),weed biomass (dry),rye_kg,weed_kg,GDD_greenup,GDD_anthesis,
VT,1,101,9/12/22,1,80,9/29/22,72,4/6/23,NA,NA,NA,87.05,5/30/23,NA,NA,NA,330,0,13200,0,978.71,1745.48,
VT,1,102,9/12/22,1,25,9/29/22,20,4/6/23,NA,NA,NA,85.68,5/30/23,NA,NA,NA,325.15,0,13006,0,978.71,1745.48,
VT,1,103,9/12/22,1,0,9/29/22,0,4/6/23,NA,NA,NA,0.46,5/30/23,shepherd's purse,mouse ear chickweed,NA,0,26.2,0,1048,978.71,1745.48,
VT,1,104,9/12/22,1,105,9/29/22,103,4/6/23,NA,NA,NA,91.71,5/30/23,NA,NA,NA,417.1,0,16684,0,978.71,1745.48,
VT,1,105,9/12/22,1,15,9/29/22,21,4/6/23,NA,NA,NA,79.6,5/30/23,NA,NA,NA,305.9,0,12236,0,978.71,1745.48,
VT,1,106,9/12/22,1,50,9/29/22,47,4/6/23,NA,NA,NA,90.52,5/30/23,NA,NA,NA,335.79,0,13431.6,0,978.71,1745.48,
VT,1,107,9/19/22,1.5,0,10/4/22,0,4/6/23,mustard,broadleaf plantain,NA,1.27,5/30/23,shepherd's purse,NA,NA,0,41.2,0,1648,825.81,1592.58,
VT,1,108,9/19/22,1.5,15,10/4/22,5,4/6/23,NA,NA,NA,25.37,5/30/23,NA,NA,NA,171,0,6840,0,825.81,1592.58,
VT,1,109,9/19/22,1.5,50,10/4/22,41,4/6/23,NA,NA,NA,86.65,5/30/23,NA,NA,NA,396.54,0,15861.6,0,825.81,1592.58,
VT,1,110,9/19/22,1.5,80,10/4/22,67,4/6/23,NA,NA,NA,90.51,5/30/23,NA,NA,NA,312.32,0,12492.8,0,825.81,1592.58,
VT,1,111,9/19/22,1.5,105,10/4/22,57,4/6/23,NA,NA,NA,86.18,5/30/23,shepherd's purse,NA,NA,365.56,0.1,14622.4,4,825.81,1592.58,
VT,1,112,9/19/22,1.5,25,10/4/22,32,4/6/23,NA,NA,NA,69.49,5/30/23,mouse ear chickweed,NA,NA,362.73,0.4,14509.2,16,825.81,1592.58,
VT,1,113,9/24/22,2,80,10/10/22,76,4/6/23,NA,NA,NA,61.47,5/30/23,NA,NA,NA,227.32,0,9092.8,0,743.41,1510.18,
VT,1,114,9/24/22,2,15,10/10/22,7,4/6/23,NA,NA,NA,35.5,5/30/23,NA,NA,NA,135.71,0,5428.4,0,743.41,1510.18,
VT,1,115,9/24/22,2,0,10/10/22,0,4/6/23,buckhorn plantain,NA,NA,1.23,5/30/23,shepherd's purse,white campion,lambsquarters,0,26.5,0,1060,743.41,1510.18,
VT,1,116,9/24/22,2,25,10/10/22,12,4/6/23,NA,NA,NA,44.87,5/30/23,shepherd's purse,NA,NA,253.78,0.1,10151.2,4,743.41,1510.18,
VT,1,117,9/24/22,2,105,10/10/22,84,4/6/23,NA,NA,NA,72.85,5/30/23,NA,NA,NA,210.21,0,8408.4,0,743.41,1510.18,
VT,1,118,9/24/22,2,50,10/10/22,28,4/6/23,NA,NA,NA,61.08,5/30/23,NA,NA,NA,243.98,0,9759.2,0,743.41,1510.18,
VT,1,119,10/3/22,2.5,105,10/20/22,91,4/6/23,mustard,NA,NA,81.78,5/30/23,shepherd's purse,NA,NA,308.83,0.1,12353.2,4,617.1164091,1383.892789,
VT,1,120,10/3/22,2.5,25,10/20/22,20,4/6/23,NA,NA,NA,44.89,5/30/23,NA,NA,NA,204.89,0,8195.6,0,617.1164091,1383.892789,
VT,1,121,10/3/22,2.5,0,10/20/22,0,4/6/23,NA,NA,NA,0.16,5/30/23,shepherd's purse,NA,NA,0,40.5,0,1620,617.1164091,1383.892789,
VT,1,122,10/3/22,2.5,15,10/20/22,17,4/6/23,NA,NA,NA,20.5,5/30/23,NA,NA,NA,146.01,0,5840.4,0,617.1164091,1383.892789,
VT,1,123,10/3/22,2.5,80,10/20/22,54,4/6/23,NA,NA,NA,40.23,5/30/23,shepherd's purse,NA,NA,221.55,0.2,8862,8,617.1164091,1383.892789,
VT,1,124,10/3/22,2.5,50,10/20/22,57,4/6/23,NA,NA,NA,37.46,5/30/23,NA,NA,NA,172.05,0,6882,0,617.1164091,1383.892789,
VT,1,125,10/10/22,3,15,10/27/22,16,4/6/23,NA,NA,NA,17.38,5/30/23,NA,NA,NA,199.59,0,7983.6,0,542.92,1309.70,
VT,1,126,10/10/22,3,80,10/27/22,51,4/6/23,NA,NA,NA,36.83,5/30/23,NA,NA,NA,221.38,0,8855.2,0,542.92,1309.70,
VT,1,127,10/10/22,3,0,10/27/22,0,4/6/23,mustard,NA,NA,0.17,5/30/23,shepherd's purse,lambsquarters,NA,0,13.6,0,544,542.92,1309.70,
VT,1,128,10/10/22,3,50,10/27/22,40,4/6/23,NA,NA,NA,26.41,5/30/23,NA,NA,NA,147.75,0,5910,0,542.92,1309.70,
VT,1,129,10/10/22,3,105,10/27/22,44,4/6/23,NA,NA,NA,33.63,5/30/23,NA,NA,NA,133.5,0,5340,0,542.92,1309.70,
VT,1,130,10/10/22,3,25,10/27/22,13,4/6/23,NA,NA,NA,2.91,5/30/23,shepherd's purse,mouse ear chickweed,NA,78.03,1.6,3121.2,64,542.92,1309.70,
VT,2,201,9/12/22,1,105,9/29/22,78,4/6/23,NA,NA,NA,88.97,5/30/23,NA,NA,NA,470.53,0,18821.2,0,978.71,1745.48,
VT,2,202,9/12/22,1,50,9/29/22,56,4/6/23,NA,NA,NA,88.86,5/30/23,NA,NA,NA,306.95,0,12278,0,978.71,1745.48,
VT,2,203,9/12/22,1,80,9/29/22,65,4/6/23,NA,NA,NA,80.05,5/30/23,NA,NA,NA,226.06,0,9042.4,0,978.71,1745.48,
VT,2,204,9/12/22,1,0,9/29/22,0,4/6/23,mustard,broadleaf plantain,NA,3.5,5/30/23,shepherd's purse,field violet,NA,0,61.8,0,2472,978.71,1745.48,
VT,2,205,9/12/22,1,25,9/29/22,34,4/6/23,NA,NA,NA,84.58,5/30/23,NA,NA,NA,289.04,0,11561.6,0,978.71,1745.48,
VT,2,206,9/12/22,1,15,9/29/22,23,4/6/23,NA,NA,NA,80.41,5/30/23,shepherd's purse,NA,NA,291.2,0.3,11648,12,978.71,1745.48,
VT,2,207,9/19/22,1.5,15,10/4/22,9,4/6/23,NA,NA,NA,47.91,5/30/23,shepherd's purse,NA,NA,316.2,1.1,12648,44,825.81,1592.58,
VT,2,208,9/19/22,1.5,105,10/4/22,55,4/6/23,NA,NA,NA,71.4,5/30/23,shepherd's purse,wild pansy,NA,307.92,0.1,12316.8,4,825.81,1592.58,
VT,2,209,9/19/22,1.5,0,10/4/22,0,4/6/23,NA,NA,NA,0.41,5/30/23,shepherd's purse,lambsquarters,NA,0,30.1,0,1204,825.81,1592.58,
VT,2,210,9/19/22,1.5,50,10/4/22,47,4/6/23,NA,NA,NA,80.77,5/30/23,shepherd's purse,NA,NA,372.37,0.1,14894.8,4,825.81,1592.58,
VT,2,211,9/19/22,1.5,80,10/4/22,61,4/6/23,NA,NA,NA,82.81,5/30/23,shepherd's purse,NA,NA,328.91,0.1,13156.4,4,825.81,1592.58,
VT,2,212,9/19/22,1.5,25,10/4/22,48,4/6/23,NA,NA,NA,53.84,5/30/23,NA,NA,NA,295.46,0,11818.4,0,825.81,1592.58,
VT,2,213,9/24/22,2,15,10/10/22,11,4/6/23,NA,NA,NA,36.34,5/30/23,NA,NA,NA,194.39,0,7775.6,0,743.41,1510.18,
VT,2,214,9/24/22,2,0,10/10/22,0,4/6/23,NA,NA,NA,0.65,5/30/23,lambsquarters,shepherd's purse,NA,0,4.3,0,172,743.41,1510.18,
VT,2,215,9/24/22,2,25,10/10/22,26,4/6/23,NA,NA,NA,68.49,5/30/23,NA,NA,NA,327.9,0,13116,0,743.41,1510.18,
VT,2,216,9/24/22,2,105,10/10/22,82,4/6/23,NA,NA,NA,83.13,5/30/23,NA,NA,NA,281.6,0,11264,0,743.41,1510.18,
VT,2,217,9/24/22,2,50,10/10/22,38,4/6/23,NA,NA,NA,58.36,5/30/23,NA,NA,NA,272.97,0,10918.8,0,743.41,1510.18,
VT,2,218,9/24/22,2,80,10/10/22,75,4/6/23,NA,NA,NA,74.71,5/30/23,NA,NA,NA,260.21,0,10408.4,0,743.41,1510.18,
VT,2,219,10/3/22,2.5,105,10/20/22,103,4/6/23,NA,NA,NA,74.9,5/30/23,NA,NA,NA,297.64,0,11905.6,0,617.1164091,1383.892789,
VT,2,220,10/3/22,2.5,80,10/20/22,58,4/6/23,NA,NA,NA,74.01,5/30/23,NA,NA,NA,357.47,0,14298.8,0,617.1164091,1383.892789,
VT,2,221,10/3/22,2.5,50,10/20/22,35,4/6/23,NA,NA,NA,50.62,5/30/23,NA,NA,NA,249.47,0,9978.8,0,617.1164091,1383.892789,
VT,2,222,10/3/22,2.5,0,10/20/22,0,4/6/23,NA,NA,NA,0.33,5/30/23,mouse ear chickweed,lambsquarters,NA,0,4.3,0,172,617.1164091,1383.892789,
VT,2,223,10/3/22,2.5,15,10/20/22,19,4/6/23,NA,NA,NA,13.66,5/30/23,shepherd's purse,NA,NA,141.65,0,5666,0,617.1164091,1383.892789,
VT,2,224,10/3/22,2.5,25,10/20/22,37,4/6/23,NA,NA,NA,30.8,5/30/23,NA,NA,NA,137.93,0,5517.2,0,617.1164091,1383.892789,
VT,2,225,10/10/22,3,0,10/27/22,0,4/6/23,NA,NA,NA,0.35,5/30/23,shepherd's purse,lambsquarters,crabgrass,0,4.3,0,172,542.92,1309.70,
VT,2,226,10/10/22,3,25,10/27/22,20,4/6/23,NA,NA,NA,11.48,5/30/23,NA,NA,NA,170.57,0.2,6822.8,8,542.92,1309.70,
VT,2,227,10/10/22,3,15,10/27/22,11,4/6/23,NA,NA,NA,5.43,5/30/23,NA,NA,NA,126.91,0,5076.4,0,542.92,1309.70,
VT,2,228,10/10/22,3,105,10/27/22,78,4/6/23,NA,NA,NA,45.76,5/30/23,NA,NA,NA,293.49,0,11739.6,0,542.92,1309.70,
VT,2,229,10/10/22,3,80,10/27/22,53,4/6/23,NA,NA,NA,37.69,5/30/23,NA,NA,NA,320.6,0,12824,0,542.92,1309.70,
VT,2,230,10/10/22,3,50,10/27/22,44,4/6/23,NA,NA,NA,30.56,5/30/23,NA,NA,NA,219.66,0,8786.4,0,542.92,1309.70,
VT,3,301,9/12/22,1,0,9/29/22,0,4/6/23,NA,NA,NA,0.28,5/30/23,shepherd's purse,NA,NA,0,9.8,0,392,978.71,1745.48,
VT,3,302,9/12/22,1,15,9/29/22,10,4/6/23,NA,NA,NA,63.21,5/30/23,shepher'd purse,NA,NA,276.29,0.2,11051.6,8,978.71,1745.48,
VT,3,303,9/12/22,1,80,9/29/22,86,4/6/23,dandelion,NA,NA,85.09,5/30/23,shepher'd purse,NA,NA,319.41,0.1,12776.4,4,978.71,1745.48,
VT,3,304,9/12/22,1,105,9/29/22,80,4/6/23,NA,NA,NA,89.7,5/30/23,shepher'd purse,NA,NA,378.01,0.1,15120.4,4,978.71,1745.48,
VT,3,305,9/12/22,1,25,9/29/22,22,4/6/23,NA,NA,NA,78.89,5/30/23,shepher'd purse,annual bluegrass,NA,391.95,2.3,15678,92,978.71,1745.48,
VT,3,306,9/12/22,1,50,9/29/22,56,4/6/23,NA,NA,NA,82.3,5/30/23,NA,NA,NA,348.59,0,13943.6,0,978.71,1745.48,
VT,3,307,9/19/22,1.5,80,10/4/22,41,4/6/23,NA,NA,NA,64.94,5/30/23,NA,NA,NA,250.49,0,10019.6,0,825.81,1592.58,
VT,3,308,9/19/22,1.5,50,10/4/22,38,4/6/23,NA,NA,NA,66.12,5/30/23,NA,NA,NA,344.08,0,13763.2,0,825.81,1592.58,
VT,3,309,9/19/22,1.5,0,10/4/22,0,4/6/23,common chickweed,buckhorn plantain,mustard,7.35,5/30/23,shepherd's purse,mouse ear chickweed,NA,0,65.9,0,2636,825.81,1592.58,
VT,3,310,9/19/22,1.5,105,10/4/22,77,4/6/23,NA,NA,NA,85.64,5/30/23,shepherd's purse,NA,NA,361.84,0.9,14473.6,36,825.81,1592.58,
VT,3,311,9/19/22,1.5,25,10/4/22,22,4/6/23,mouseear chickweed,NA,NA,69.39,5/30/23,mouse ear chickweed,NA,NA,287.45,0.3,11498,12,825.81,1592.58,
VT,3,312,9/19/22,1.5,15,10/4/22,12,4/6/23,mouseear chickweed,NA,NA,30.96,5/30/23,shepherd's purse,mouse ear chickweed,NA,199.34,7.5,7973.6,300,825.81,1592.58,
VT,3,313,9/24/22,2,105,10/10/22,53,4/6/23,NA,NA,NA,49.59,5/30/23,NA,NA,NA,192,0,7680,0,743.41,1510.18,
VT,3,314,9/24/22,2,50,10/10/22,40,4/6/23,NA,NA,NA,54.85,5/30/23,NA,NA,NA,271.53,0,10861.2,0,743.41,1510.18,
VT,3,315,9/24/22,2,0,10/10/22,0,4/6/23,mustard,NA,NA,0.8,5/30/23,shepherd's purse,field horsetail,NA,0,33.1,0,1324,743.41,1510.18,
VT,3,316,9/24/22,2,15,10/10/22,16,4/6/23,NA,NA,NA,62.12,5/30/23,NA,NA,NA,300.78,0,12031.2,0,743.41,1510.18,
VT,3,317,9/24/22,2,80,10/10/22,50,4/6/23,NA,NA,NA,74.56,5/30/23,NA,NA,NA,290.31,0,11612.4,0,743.41,1510.18,
VT,3,318,9/24/22,2,25,10/10/22,15,4/6/23,NA,NA,NA,41.77,5/30/23,mouse ear chickweed,NA,NA,249.33,0.2,9973.2,8,743.41,1510.18,
VT,3,319,10/3/22,2.5,0,10/20/22,0,4/6/23,NA,NA,NA,0.32,5/30/23,lambsquarters,crabgrass,NA,0,-0.8,0,-32,617.1164091,1383.892789,
VT,3,320,10/3/22,2.5,15,10/20/22,13,4/6/23,NA,NA,NA,27.85,5/30/23,NA,NA,NA,285.98,0,11439.2,0,617.1164091,1383.892789,
VT,3,321,10/3/22,2.5,105,10/20/22,71,4/6/23,NA,NA,NA,72.08,5/30/23,NA,NA,NA,256.77,0,10270.8,0,617.1164091,1383.892789,
VT,3,322,10/3/22,2.5,80,10/20/22,57,4/6/23,NA,NA,NA,59.14,5/30/23,shepherd's purse,NA,NA,323.33,0.1,12933.2,4,617.1164091,1383.892789,
VT,3,323,10/3/22,2.5,25,10/20/22,13,4/6/23,NA,NA,NA,10.9,5/30/23,NA,NA,NA,141.05,0,5642,0,617.1164091,1383.892789,
VT,3,324,10/3/22,2.5,50,10/20/22,32,4/6/23,NA,NA,NA,24.71,5/30/23,NA,NA,NA,134.43,0,5377.2,0,617.1164091,1383.892789,
VT,3,325,10/10/22,3,105,10/27/22,37,4/6/23,NA,NA,NA,24.6,5/30/23,NA,NA,NA,156.39,0,6255.6,0,542.92,1309.70,
VT,3,326,10/10/22,3,50,10/27/22,35,4/6/23,NA,NA,NA,23.89,5/30/23,shepherd's purse,NA,NA,180.97,0.1,7238.8,4,542.92,1309.70,
VT,3,327,10/10/22,3,80,10/27/22,70,4/6/23,NA,NA,NA,46.97,5/30/23,NA,NA,NA,202.2,0,8088,0,542.92,1309.70,
VT,3,328,10/10/22,3,15,10/27/22,9,4/6/23,NA,NA,NA,9.36,5/30/23,shepherd's purse,NA,NA,199.48,0.1,7979.2,4,542.92,1309.70,
VT,3,329,10/10/22,3,0,10/27/22,0,4/6/23,NA,NA,NA,0.15,5/30/23,crabgrass,lambsquarters,white campion,0,4.1,0,164,542.92,1309.70,
VT,3,330,10/10/22,3,25,10/27/22,15,4/6/23,NA,NA,NA,11.46,5/30/23,NA,NA,NA,132.94,0,5317.6,0,542.92,1309.70,
VT,4,401,9/12/22,1,80,9/29/22,46,4/6/23,NA,NA,NA,83.08,5/30/23,NA,NA,NA,295.77,0,11830.8,0,978.71,1745.48,
VT,4,402,9/12/22,1,105,9/29/22,90,4/6/23,NA,NA,NA,82.11,5/30/23,NA,NA,NA,312.12,0,12484.8,0,978.71,1745.48,
VT,4,403,9/12/22,1,25,9/29/22,22,4/6/23,NA,NA,NA,74.83,5/30/23,shepherd's purse,NA,NA,237.89,0.02,9515.6,0.8,978.71,1745.48,
VT,4,404,9/12/22,1,0,9/29/22,0,4/6/23,mustard,NA,NA,0.91,5/30/23,shepherd's purse,mouse ear chickweed,sunflower,0,43.1,0,1724,978.71,1745.48,
VT,4,405,9/12/22,1,50,9/29/22,36,4/6/23,NA,NA,NA,90.6,5/30/23,NA,NA,NA,273.3,0,10932,0,978.71,1745.48,
VT,4,406,9/12/22,1,15,9/29/22,17,4/6/23,NA,NA,NA,71.88,5/30/23,NA,NA,NA,257.44,0,10297.6,0,978.71,1745.48,
VT,4,407,9/19/22,1.5,50,10/4/22,46,4/6/23,NA,NA,NA,82.67,5/30/23,shepherd's purse,NA,NA,321.15,0.1,12846,4,825.81,1592.58,
VT,4,408,9/19/22,1.5,0,10/4/22,0,4/6/23,NA,NA,NA,0.23,5/30/23,lambsquarters,shepherd's purse,mouse ear chickweed,0,5.2,0,208,825.81,1592.58,
VT,4,409,9/19/22,1.5,25,10/4/22,18,4/6/23,mustard,NA,NA,71,5/30/23,NA,NA,NA,374.81,0.3,14992.4,12,825.81,1592.58,
VT,4,410,9/19/22,1.5,105,10/4/22,71,4/6/23,NA,NA,NA,74.41,5/30/23,shepherd's purse,NA,NA,240.34,0.1,9613.6,4,825.81,1592.58,
VT,4,411,9/19/22,1.5,15,10/4/22,10,4/6/23,mustard,NA,NA,48.5,5/30/23,dandelion,mouse ear chickweed,,194.13,0.1,7765.2,4,825.81,1592.58,
VT,4,412,9/19/22,1.5,80,10/4/22,68,4/6/23,NA,NA,NA,70.03,5/30/23,NA,NA,NA,291.4,0,11656,0,825.81,1592.58,
VT,4,413,9/24/22,2,15,10/10/22,16,4/6/23,NA,NA,NA,43.72,5/30/23,NA,NA,NA,126.87,0,5074.8,0,743.41,1510.18,
VT,4,414,9/24/22,2,50,10/10/22,37,4/6/23,NA,NA,NA,73.7,5/30/23,NA,NA,NA,432.89,0,17315.6,0,743.41,1510.18,
VT,4,415,9/24/22,2,80,10/10/22,68,4/6/23,NA,NA,NA,85.6,5/30/23,NA,NA,NA,266.69,0,10667.6,0,743.41,1510.18,
VT,4,416,9/24/22,2,25,10/10/22,30,4/6/23,NA,NA,NA,73.95,5/30/23,shepherd's purse,NA,NA,449.55,0.9,17982,36,743.41,1510.18,
VT,4,417,9/24/22,2,105,10/10/22,61,4/6/23,NA,NA,NA,73.8,5/30/23,NA,NA,NA,311.78,0,12471.2,0,743.41,1510.18,
VT,4,418,9/24/22,2,0,10/10/22,0,4/6/23,buckhorn plantain,NA,NA,0.7,5/30/23,white campion,lambsquarters,shepherd's purse,0,23.7,0,948,743.41,1510.18,
VT,4,419,10/3/22,2.5,105,10/20/22,49,4/6/23,NA,NA,NA,69.25,5/30/23,NA,NA,NA,325.83,0,13033.2,0,617.1164091,1383.892789,
VT,4,420,10/3/22,2.5,15,10/20/22,16,4/6/23,NA,NA,NA,32.22,5/30/23,shepherd's purse,NA,NA,251.87,0.2,10074.8,8,617.1164091,1383.892789,
VT,4,421,10/3/22,2.5,80,10/20/22,59,4/6/23,NA,NA,NA,74.14,5/30/23,NA,NA,NA,268.03,0,10721.2,0,617.1164091,1383.892789,
VT,4,422,10/3/22,2.5,50,10/20/22,54,4/6/23,NA,NA,NA,69.92,5/30/23,NA,NA,NA,328.52,0,13140.8,0,617.1164091,1383.892789,
VT,4,423,10/3/22,2.5,25,10/20/22,21,4/6/23,NA,NA,NA,20.26,5/30/23,NA,NA,NA,180.2,0,7208,0,617.1164091,1383.892789,
VT,4,424,10/3/22,2.5,0,10/20/22,0,4/6/23,NA,NA,NA,0.23,5/30/23,lambsquarters,corn speedwell,crabgrass,0,4.7,0,188,617.1164091,1383.892789,
VT,4,425,10/10/22,3,105,10/27/22,70,4/6/23,NA,NA,NA,44.39,5/30/23,NA,NA,NA,254.59,0,10183.6,0,542.92,1309.70,
VT,4,426,10/10/22,3,80,10/27/22,43,4/6/23,NA,NA,NA,38.14,5/30/23,shepherd's purse,NA,NA,232.38,1.9,9295.2,76,542.92,1309.70,
VT,4,427,10/10/22,3,25,10/27/22,38,4/6/23,NA,NA,NA,33.86,5/30/23,NA,NA,NA,290.61,0,11624.4,0,542.92,1309.70,
VT,4,428,10/10/22,3,50,10/27/22,45,4/6/23,NA,NA,NA,40.22,5/30/23,NA,NA,NA,317.11,0,12684.4,0,542.92,1309.70,
VT,4,429,10/10/22,3,15,10/27/22,13,4/6/23,NA,NA,NA,4.79,5/30/23,NA,NA,NA,123.98,0,4959.2,0,542.92,1309.70,
VT,4,430,10/10/22,3,0,10/27/22,0,4/6/23,NA,NA,NA,0.18,5/30/23,lambsquarters,shepherd's purse,NA,0,2.1,0,84,542.92,1309.70,
PA,1,101,10/24/22,2,25,11/29/22,20,4/11/23,NA,NA,NA,18.04,5/24/23,NA,NA,NA,123.9,0.01,4956,0.4,679.8112328,1304.555266,
PA,1,102,10/24/22,2,50,11/29/22,37,4/11/23,NA,NA,NA,23.32,5/24/23,LAMAM,SETFA,NA,106.9,0,4276,0,679.8112328,1304.555266,
PA,1,103,10/24/22,2,80,11/29/22,47,4/11/23,POLAV,NA,NA,22.21,5/24/23,BROTE,AMBEL,TAROF,101.9,0.14,4076,5.6,679.8112328,1304.555266,
PA,1,104,10/24/22,2,105,11/29/22,78,4/11/23,NA,NA,NA,32.93,5/24/23,NA,NA,NA,162.2,0,6488,0,679.8112328,1304.555266,
PA,1,105,10/24/22,2,15,11/29/22,16,4/11/23,TAROF,STEME,NA,14.52,5/24/23,TAROF,STEME,NA,122.6,2.4,4904,96,679.8112328,1304.555266,
PA,1,106,10/24/22,2,0,11/29/22,0,4/11/23,POLAV,NA,NA,0.23,5/24/23,VERPG,AMBEL,STEME,0,13.6,0,544,679.8112328,1304.555266,
PA,1,107,10/10/22,1,15,11/1/22,11,4/11/23,TAROF,CARHI,NA,2.44,5/24/23,TAROF,CARHI,LAMAM,45.4,6,1816,240,805.1613401,1429.905374,
PA,1,108,10/10/22,1,0,11/1/22,0,4/11/23,POLAV,NA,NA,0.1,5/24/23,VERPG,CHEAL,CAPBP,0,14.8,0,592,805.1613401,1429.905374,
PA,1,109,10/10/22,1,50,11/1/22,33,4/11/23,NA,NA,NA,32.77,5/24/23,VERPG,NA,NA,168.2,0.1,6728,4,805.1613401,1429.905374,
PA,1,110,10/10/22,1,80,11/1/22,68,4/11/23,STEME,NA,NA,36.41,5/24/23,NA,NA,NA,153.9,0,6156,0,805.1613401,1429.905374,
PA,1,111,10/10/22,1,25,11/1/22,19,4/11/23,NA,NA,NA,22.03,5/24/23,NA,NA,NA,178.2,0,7128,0,805.1613401,1429.905374,
PA,1,112,10/10/22,1,105,11/1/22,96,4/11/23,STEME,CARHI,NA,33.99,5/24/23,STEME,NA,NA,159.8,0.4,6392,16,805.1613401,1429.905374,
PA,1,113,11/9/22,3,50,NA,NA,4/11/23,LAMAM,POAAN,NA,9.83,5/24/23,POAAN,VERPG,LAMAM,102.5,0.6,4100,24,460.964738,1085.708771,
PA,1,114,11/9/22,3,15,NA,NA,4/11/23,POAAN,NA,NA,4.35,5/24/23,POAAN,VIOAR,CHEAL,74.3,1.4,2972,56,460.964738,1085.708771,
PA,1,115,11/9/22,3,80,NA,NA,4/11/23,CARHI,NA,NA,12.76,5/24/23,OXAST,CARHI,LAMAM,122.2,0.2,4888,8,460.964738,1085.708771,
PA,1,116,11/9/22,3,0,NA,NA,4/11/23,LAMAM,POAAN,NA,0.01,5/24/23,CAPBP,LAMAM,CHEAL,0,13.3,0,532,460.964738,1085.708771,
PA,1,117,11/9/22,3,105,NA,NA,4/11/23,NA,NA,NA,19.3,5/24/23,POLCO,NA,NA,113.1,0.05,4524,2,460.964738,1085.708771,
PA,1,118,11/9/22,3,25,NA,NA,4/11/23,CARHI,NA,NA,5.82,5/24/23,CHEAL,POLAV,NA,114,0.12,4560,4.8,460.964738,1085.708771,
PA,2,201,10/10/22,1,105,11/1/22,72,4/11/23,POLAV,ERICA,NA,29.19,5/24/23,STEME,ERICA,NA,112.6,0.7,4504,28,805.1613401,1429.905374,
PA,2,202,10/10/22,1,25,11/1/22,17,4/11/23,NA,NA,NA,9.38,5/24/23,STEME,NA,NA,135.6,0.03,5424,1.2,805.1613401,1429.905374,
PA,2,203,10/10/22,1,50,11/1/22,39,4/11/23,NA,NA,NA,30.25,5/24/23,ERICA,NA,NA,110.9,0.05,4436,2,805.1613401,1429.905374,
PA,2,204,10/10/22,1,80,11/1/22,55,4/11/23,NA,NA,NA,31.71,5/24/23,NA,NA,NA,168.6,0,6744,0,805.1613401,1429.905374,
PA,2,205,10/10/22,1,15,11/1/22,13,4/11/23,POAAN,NA,NA,5.5,5/24/23,POATR,VERPG,NA,142.3,0.9,5692,36,805.1613401,1429.905374,
PA,2,206,10/10/22,1,0,11/1/22,0,4/11/23,ERICA,NA,NA,0.3,5/24/23,ERICA,AMBEL,POLAV,0,3.8,0,152,805.1613401,1429.905374,
PA,2,207,11/9/22,3,105,NA,NA,4/11/23,NA,NA,NA,14.32,5/24/23,CAPBP,NA,NA,116.4,0.1,4656,4,460.964738,1085.708771,
PA,2,208,11/9/22,3,80,NA,NA,4/11/23,NA,NA,NA,7.83,5/24/23,VERAR,CARHI,SETFA,85.8,0.06,3432,2.4,460.964738,1085.708771,
PA,2,209,11/9/22,3,15,NA,NA,4/11/23,NA,NA,NA,1.78,5/24/23,CAPBP,PLAMA,VERPG,57.4,0.5,2296,20,460.964738,1085.708771,
PA,2,210,11/9/22,3,50,NA,NA,4/11/23,CARHI,NA,NA,4.56,5/24/23,POLCO,CHEAL,NA,69.4,0.4,2776,16,460.964738,1085.708771,
PA,2,211,11/9/22,3,0,NA,NA,4/11/23,NA,NA,NA,0,5/24/23,VERPG,AMBEL,CHEAL,0,2.8,0,112,460.964738,1085.708771,
PA,2,212,11/9/22,3,25,NA,NA,4/11/23,NA,NA,NA,1.25,5/24/23,AMBEL,POLAV,PLAMA,40,1,1600,40,460.964738,1085.708771,
PA,2,213,10/24/22,2,50,11/29/22,30,4/11/23,POAAN,NA,NA,20.69,5/24/23,NA,NA,NA,173.4,1.5,6936,60,679.8112328,1304.555266,
PA,2,214,10/24/22,2,15,11/29/22,11,4/11/23,NA,NA,NA,2.17,5/24/23,STEME,NA,NA,66.5,0.3,2660,12,679.8112328,1304.555266,
PA,2,215,10/24/22,2,25,11/29/22,18,4/11/23,NA,NA,NA,1.62,5/24/23,POLAV,CHEAL,NA,37.8,0.4,1512,16,679.8112328,1304.555266,
PA,2,216,10/24/22,2,0,11/29/22,0,4/11/23,POLAV,NA,NA,0,5/24/23,CHEAL,POLAV,POLCO,0,4.8,0,192,679.8112328,1304.555266,
PA,2,217,10/24/22,2,80,11/29/22,54,4/11/23,NA,NA,NA,23.93,5/24/23,NA,NA,NA,141.5,0,5660,0,679.8112328,1304.555266,
PA,2,218,10/24/22,2,105,11/29/22,80,4/11/23,NA,NA,NA,15.65,5/24/23,NA,NA,NA,109.8,0,4392,0,679.8112328,1304.555266,
PA,3,301,11/9/22,3,25,NA,NA,4/11/23,POLAV,NA,NA,1.88,5/24/23,POLAV,CHEAL,NA,80.8,0.6,3232,24,460.964738,1085.708771,
PA,3,302,11/9/22,3,15,NA,NA,4/11/23,POLAV,NA,NA,1.44,5/24/23,POLCO,CHEAL,NA,49.4,0.6,1976,24,460.964738,1085.708771,
PA,3,303,11/9/22,3,0,NA,NA,4/11/23,POAAN,NA,NA,0.01,5/24/23,POATR,AMBEL,VERPG,0,4.3,0,172,460.964738,1085.708771,
PA,3,304,11/9/22,3,50,NA,NA,4/11/23,POLAV,NA,NA,5.1,5/24/23,VERPG,CHEAL,CAPBP,69.8,0.8,2792,32,460.964738,1085.708771,
PA,3,305,11/9/22,3,80,NA,NA,4/11/23,NA,NA,NA,18.66,5/24/23,POLAV,STEME,NA,161.7,0.3,6468,12,460.964738,1085.708771,
PA,3,306,11/9/22,3,105,NA,NA,4/11/23,NA,NA,NA,4.31,5/24/23,AMBEL,NA,NA,76.4,0.2,3056,8,460.964738,1085.708771,
PA,3,307,10/24/22,2,0,11/29/22,0,4/11/23,NA,NA,NA,0,5/24/23,CHEAL,SETFA,POLAV,0,2.4,0,96,679.8112328,1304.555266,
PA,3,308,10/24/22,2,105,11/29/22,81,4/11/23,NA,NA,NA,33.99,5/24/23,POATR,NA,NA,152.6,0.1,6104,4,679.8112328,1304.555266,
PA,3,309,10/24/22,2,25,11/29/22,18,4/11/23,POAAN,NA,NA,9.99,5/24/23,TAROF,AMBEL,NA,123.4,0.1,4936,4,679.8112328,1304.555266,
PA,3,310,10/24/22,2,80,11/29/22,46,4/11/23,NA,NA,NA,31.4,5/24/23,POLCO,NA,NA,237.9,0.04,9516,1.6,679.8112328,1304.555266,
PA,3,311,10/24/22,2,50,11/29/22,41,4/11/23,NA,NA,NA,37.72,5/24/23,NA,NA,NA,218.3,0,8732,0,679.8112328,1304.555266,
PA,3,312,10/24/22,2,15,11/29/22,11,4/11/23,POLAV,NA,NA,7.52,5/24/23,POLCO,NA,NA,126,0.1,5040,4,679.8112328,1304.555266,
PA,3,313,10/10/22,1,15,11/1/22,8,4/11/23,NA,NA,NA,6.22,5/24/23,VERPG,POLPE,NA,96.7,0.33,3868,13.2,805.1613401,1429.905374,
PA,3,314,10/10/22,1,0,11/1/22,0,4/11/23,NA,NA,NA,0,5/24/23,CHEAL,SETFA,NA,0,2.4,0,96,805.1613401,1429.905374,
PA,3,315,10/10/22,1,25,11/1/22,16,4/11/23,NA,NA,NA,8.02,5/24/23,NA,NA,NA,109.8,0,4392,0,805.1613401,1429.905374,
PA,3,316,10/10/22,1,105,11/1/22,70,4/11/23,CARHI,NA,NA,30.78,5/24/23,NA,NA,NA,124.5,0.13,4980,5.2,805.1613401,1429.905374,
PA,3,317,10/10/22,1,50,11/1/22,39,4/11/23,POAAN,NA,NA,48.88,5/24/23,NA,NA,NA,232.4,0,9296,0,805.1613401,1429.905374,
PA,3,318,10/10/22,1,80,11/1/22,56,4/11/23,POAAN,NA,NA,35.76,5/24/23,POATR,NA,NA,172,1.5,6880,60,805.1613401,1429.905374,
NY,1,101,9/30/22,1,25,10/19/22,25,,Chickweed,Violet,NA,56.01,,Chickweed,NA,NA,133.3,13.8,5332,552,805.1613401,1429.905374,
NY,1,201,9/30/22,1,105,10/19/22,88,,Chickweed,Violet,NA,69.63,,Violet,Chickweed,NA,213,4.3,8520,172,,,
NY,1,301,9/30/22,1,15,10/19/22,10,,Speedwell,Chickweed,Violet,55.2,,Speedwell,Chickweed,Violet,100,16.9,4000,676,,,
NY,1,401,9/30/22,1,80,10/19/22,56,,Chickweed,Speedwell,NA,62.91,,Chickweed,Violet,NA,178.9,11.2,7156,448,,,
NY,1,501,9/30/22,1,50,10/19/22,37,,Chickweed,Violet,NA,58.7,,Chickweed,Violet,NA,147.9,6.4,5916,256,,,
NY,1,601,9/30/22,1,0,10/19/22,0,,Speedwell,Chickweed,Violet,23.36,,Lambs Quarters,Violet,Chickweed,0,74.2,0,2968,,,
NY,1,102,10/25/22,3,15,11/16/22,22,,Chickweed,NA,NA,31.91,,Chickweed,Violet,NA,73.4,0.1,2936,4,,,
NY,1,202,10/25/22,3,105,11/16/22,121,,NA,NA,NA,44.11,,NA,NA,NA,106.1,0.1,4244,4,,,
NY,1,302,10/25/22,3,80,11/16/22,73,,Speedwell,Violet,NA,33.26,,Violet,NA,NA,76.8,0.9,3072,36,,,
NY,1,402,10/25/22,3,50,11/16/22,57,,Speedwell,NA,NA,39.17,,NA,NA,NA,92.2,0,3688,0,,,
NY,1,502,10/25/22,3,25,11/16/22,33,,NA,NA,NA,29.98,,NA,NA,NA,66.5,0,2660,0,,,
NY,1,602,10/25/22,3,0,11/16/22,0,,Violet,NA,NA,0.15,,Violet,Lambs Quarters,Clover,0,0.5,0,20,,,
NY,1,103,10/12/22,2,25,10/31/22,15,,Chickweed,NA,NA,35.4,,Chickweed,NA,NA,89.2,1.7,3568,68,,,
NY,1,203,10/12/22,2,80,10/31/22,41,,Chickweed,Violet,NA,47.75,,Violet,Chickweed,NA,122.6,2.3,4904,92,,,
NY,1,303,10/12/22,2,15,10/31/22,10,,Chickweed,Violet,NA,29.49,,Shepherd's Purse,Chickweed,Violet,91.8,4.2,3672,168,,,
NY,1,403,10/12/22,2,0,10/31/22,0,,Chickweed,Violet,NA,3.92,,Violet,Chickweed,NA,0,44.1,0,1764,,,
NY,1,503,10/12/22,2,50,10/31/22,38,,Violet,Chickweed,NA,42.58,,Violet,Chickweed,NA,90.7,1.2,3628,48,,,
NY,1,603,10/12/22,2,105,10/31/22,56,,Chickweed,NA,NA,53.67,,Violet,NA,NA,160.2,0.9,6408,36,,,
NY,2,104,10/25/22,3,50,11/16/22,59,,Chickweed,Violet,NA,38.92,,Chickweed,Violet,NA,89.5,0.9,3580,36,,,
NY,2,204,10/25/22,3,0,11/16/22,0,,Violet,NA,NA,0.23,,Violet,Lambs Quarters,NA,0,2,0,80,,,
NY,2,304,10/25/22,3,80,11/16/22,70,,NA,NA,NA,37.5,,Speedwell,Chickweed,NA,89.7,0.4,3588,16,,,
NY,2,404,10/25/22,3,25,11/16/22,17,,Violet,NA,NA,23.05,,Violet,NA,NA,61.2,0.4,2448,16,,,
NY,2,504,10/25/22,3,105,11/16/22,78,,NA,NA,NA,38.62,,Chickweed,NA,NA,84.9,0.1,3396,4,,,
NY,2,604,10/25/22,3,15,11/16/22,21,,NA,NA,NA,29.61,,NA,NA,NA,79,0,3160,0,,,
NY,2,105,10/12/22,2,50,10/31/22,25,,Chickweed,Violet,NA,40.39,,Chickweed,Violet,NA,97.4,2.5,3896,100,,,
NY,2,205,10/12/22,2,105,10/31/22,58,,Violet,NA,NA,40.45,,Violet,NA,NA,105.1,0.3,4204,12,,,
NY,2,305,10/12/22,2,25,10/31/22,24,,Speedwell,Violet,Chickweed,42.72,,Chickweed,Violet,NA,115.7,1.6,4628,64,,,
NY,2,405,10/12/22,2,15,10/31/22,11,,Violet,NA,NA,28.02,,Speedwell,Lambs Quarters,NA,105.8,0,4232,0,,,
NY,2,505,10/12/22,2,80,10/31/22,39,,Violet,Chickweed,NA,36.12,,Chickweed,NA,NA,89,1,3560,40,,,
NY,2,605,10/12/22,2,0,10/31/22,0,,Violet,NA,NA,0.76,,Violet,NA,NA,0,6.9,0,276,,,
NY,2,106,9/30/22,1,0,10/19/22,0,,Chickweed,Violet,NA,18.04,,Shepherd's Purse,Violet,Chickweed,0,57.7,0,2308,,,
NY,2,206,9/30/22,1,50,10/19/22,35,,Chickweed,Violet,NA,65.53,,Violet,Chickweed,NA,159.6,19.3,6384,772,,,
NY,2,306,9/30/22,1,80,10/19/22,58,,Chickweed,Violet,Speedwell,67.03,,Chickweed,Violet,NA,157.7,19.7,6308,788,,,
NY,2,406,9/30/22,1,15,10/19/22,12,,Speedwell,Chickweed,NA,50,,Chickweed,Violet,NA,133.1,16,5324,640,,,
NY,2,506,9/30/22,1,105,10/19/22,76,,Chickweed,Speedwell,NA,69.92,,Violet,Chickweed,Speedwell,193.9,12.1,7756,484,,,
NY,2,606,9/30/22,1,25,10/19/22,7,,Chickweed,Speedwell,Violet,28.03,,Chickweed,Speedwell,Violet,120.2,24.4,4808,976,,,
NY,3,107,10/25/22,3,50,11/16/22,61,,Chickweed,Violet,NA,38.77,,Violet,Chickweed,NA,79.9,3.4,3196,136,,,
NY,3,207,10/25/22,3,0,11/16/22,0,,Chickweed,NA,NA,0.33,,Violet,Lambs Quarters,Chickweed,0,8.6,0,344,,,
NY,3,307,10/25/22,3,15,11/16/22,19,,Violet,NA,NA,28.77,,Chickweed,Violet,NA,78.7,2.7,3148,108,,,
NY,3,407,10/25/22,3,80,11/16/22,78,,Chickweed,NA,NA,47.65,,Chickweed,Violet,NA,97.6,10.1,3904,404,,,
NY,3,507,10/25/22,3,25,11/16/22,34,,Chickweed,NA,NA,34.49,,Chickweed,NA,NA,101.1,1.1,4044,44,,,
NY,3,607,10/25/22,3,105,11/16/22,110,,Violet,NA,NA,49.57,,Violet,NA,NA,126.8,0.1,5072,4,,,
NY,3,108,10/12/22,2,80,10/31/22,51,,Chickweed,Violet,NA,52.02,,Violet,Chickweed,NA,129.3,1.6,5172,64,,,
NY,3,208,10/12/22,2,15,10/31/22,11,,Chickweed,NA,NA,36.35,,Violet,Chickweed,NA,99.3,3.5,3972,140,,,
NY,3,308,10/12/22,2,105,10/31/22,77,,Chickweed,NA,NA,44.19,,Chickweed,Violet,NA,122.7,2.1,4908,84,,,
NY,3,408,10/12/22,2,50,10/31/22,39,,Chickweed,Violet,NA,50.86,,Chickweed,Violet,NA,119.9,7,4796,280,,,
NY,3,508,10/12/22,2,0,10/31/22,0,,Chickweed,Speedwell,NA,1.57,,Lambs Quarters,Field Chamomile,Speedwell,0,29.8,0,1192,,,
NY,3,608,10/12/22,2,25,10/31/22,15,,Violet,NA,NA,38.49,,Violet,NA,NA,129.4,0.5,5176,20,,,
NY,3,109,9/30/22,1,0,10/19/22,0,,Speedwell,Chickweed,Violet,15.5,,Chickweed,Violet,NA,0,69.8,0,2792,,,
NY,3,209,9/30/22,1,50,10/19/22,39,,Chickweed,Violet,NA,80.75,,Violet,Chickweed,NA,245.9,29,9836,1160,,,
NY,3,309,9/30/22,1,25,10/19/22,26,,Chickweed,Violet,NA,67.94,,Chickweed,Violet,NA,180.3,10.4,7212,416,,,
NY,3,409,9/30/22,1,15,10/19/22,15,,Chickweed,Speedwell,NA,67.61,,Chickweed,Violet,Speedwell,190.4,18.3,7616,732,,,
NY,3,509,9/30/22,1,80,10/19/22,60,,Chickweed,Speedwell,Violet,74.76,,Chickweed,Violet,NA,201.2,17.5,8048,700,,,
NY,3,609,9/30/22,1,105,10/19/22,75,,Chickweed,Speedwell,Violet,74.62,,Speedwell,Chickweed,Violet,210.3,12.8,8412,512,,,
CT,1,1,9/29/22,1,50,10/18/22,32,4/13/23,NA,NA,NA,11.78,5/23/23,Common Chickweed,Red Clover,Annual Ragweed,61.2,1.6,2448,64,925.08,1493.70,
CT,1,2,9/29/22,1,105,10/18/22,59,4/13/23,NA,NA,NA,14.44,5/23/23,Common Chickweed,Corn Speedwell,Annual Ragweed,74.4,6.5,2976,260,925.08,1493.70,
CT,1,3,9/29/22,1,0,10/18/22,0,4/13/23,NA,NA,NA,0.2,5/23/23,Common Chickweed,Broadleaf Plantain,Red Clover,0,3.2,0,128,925.08,1493.70,
CT,1,4,9/29/22,1,15,10/18/22,11,4/13/23,NA,NA,NA,1.32,5/23/23,Common Chickweed,Ladysthumb Smartweed,Red Clover,40.6,2.2,1624,88,925.08,1493.70,
CT,1,5,9/29/22,1,80,10/18/22,38,4/13/23,NA,NA,NA,14.19,5/23/23,Yellow Nutsedge,Common Chickweed,Corn Speedwell,58,12.1,2320,484,925.08,1493.70,
CT,1,6,9/29/22,1,25,10/18/22,25,4/13/23,Yellow Nutsedge,NA,NA,30.1,5/23/23,Yellow Nutsedge,Common Chickweed,Red Clover,137.7,20,5508,800,925.08,1493.70,
CT,1,7,10/13/22,2,25,11/3/22,22,4/13/23,Common Chickweed,NA,NA,7.54,5/23/23,Common Chickweed,Red Clover,Broadleaf Plantain,46.6,11.4,1864,456,768.56,1337.18,
CT,1,8,10/13/22,2,80,11/3/22,44,4/13/23,Common Chickweed,NA,NA,19.82,5/23/23,Common Chickweed,Red Clover,Annual Ragweed,129.3,1.6,5172,64,768.56,1337.18,
CT,1,9,10/13/22,2,105,11/3/22,58,4/13/23,NA,NA,NA,23.79,5/23/23,Corn Speedwell,Common Chickweed,Red Clover,134.8,3.4,5392,136,768.56,1337.18,
CT,1,10,10/13/22,2,0,11/3/22,0,4/13/23,NA,NA,NA,0.23,5/23/23,Red Clover,Corn Speedwell,Annual Ragweed,0,14.2,0,568,768.56,1337.18,
CT,1,11,10/13/22,2,15,11/3/22,28,4/13/23,NA,NA,NA,4.31,5/23/23,Red Clover,Common Chickweed,Ladysthumb Smartweed,43.6,1.9,1744,76,768.56,1337.18,
CT,1,12,10/13/22,2,50,11/3/22,28,4/13/23,NA,NA,NA,15.5,5/23/23,Common Chickweed,Red Clover,NA,123.2,0.6,4928,24,768.56,1337.18,
CT,1,13,10/31/22,3,25,11/17/22,11,4/13/23,NA,NA,NA,0.85,5/23/23,Annual Ragweed,Common Chickweed,Yellow Nutsedge,4.2,3.8,168,152,552.86,1121.48,
CT,1,14,10/31/22,3,105,11/17/22,21,4/13/23,NA,NA,NA,0.2,5/23/23,Annual Ragweed,Red Clover,Ladysthumb Smartweed,17.3,4.4,692,176,552.86,1121.48,
CT,1,15,10/31/22,3,0,11/17/22,0,4/13/23,NA,NA,NA,0.3,5/23/23,Annual Ragweed,Common Chickweed,Broadleaf Plantain,0,12.3,0,492,552.86,1121.48,
CT,1,16,10/31/22,3,80,11/17/22,46,4/13/23,NA,NA,NA,8.01,5/23/23,Annual Ragweed,Red Clover,Common Chickweed,108,3.7,4320,148,552.86,1121.48,
CT,1,17,10/31/22,3,50,11/17/22,23,4/13/23,NA,NA,NA,1.63,5/23/23,Annual Ragweed,Red Clover,Common Chickweed,100.3,2.3,4012,92,552.86,1121.48,
CT,1,18,10/31/22,3,15,11/17/22,14,4/13/23,NA,NA,NA,4.95,5/23/23,Annual Ragweed,Common Chickweed,Cornf Speedwell,38.7,6.3,1548,252,552.86,1121.48,
CT,2,19,10/13/22,2,105,11/3/22,79,4/13/23,NA,NA,NA,15.29,5/23/23,Red Clover,Annual Ragweed,Common Chickweed,69.6,2,2784,80,768.56,1337.18,
CT,2,20,10/13/22,2,0,11/3/22,0,4/13/23,NA,NA,NA,0.3,5/23/23,Ladysthumb Smartweed,Common Chickweed,Annual Ragweed,0,3.9,0,156,768.56,1337.18,
CT,2,21,10/13/22,2,80,11/3/22,65,4/13/23,Common Chickweed,NA,NA,25.75,5/23/23,Common Chickweed,Yellow Nutsedge,Red Clover,156.3,7.2,6252,288,768.56,1337.18,
CT,2,22,10/13/22,2,15,11/3/22,13,4/13/23,NA,NA,NA,3.31,5/23/23,Common Chickweed,Ladysthumb Smartweed,Red Clover,51.7,5.7,2068,228,768.56,1337.18,
CT,2,23,10/13/22,2,50,11/3/22,34,4/13/23,NA,NA,NA,12.45,5/23/23,Common Chickweed,Corn Speedwell,Ladysthumb Smartweed,108.9,1.8,4356,72,768.56,1337.18,
CT,2,24,10/13/22,2,25,11/3/22,17,4/13/23,Common Chickweed,NA,NA,11.22,5/23/23,Common Chickweed,Red Clover,Corn Speedwell,94.6,7.2,3784,288,768.56,1337.18,
CT,2,25,9/29/22,1,105,10/18/22,75,4/13/23,NA,NA,NA,20.45,5/23/23,Red Clover,Common Chickweed,NA,93.3,0.8,3732,32,925.08,1493.70,
CT,2,26,9/29/22,1,25,10/18/22,49,4/13/23,Common Chickweed,NA,NA,38.35,5/23/23,Common Chickweed,Red Clover,NA,176.2,10.5,7048,420,925.08,1493.70,
CT,2,27,9/29/22,1,50,10/18/22,64,4/13/23,NA,NA,NA,32.09,5/23/23,Red Clover,Common Chickweed,Annual Ragweed,203,0.5,8120,20,925.08,1493.70,
CT,2,28,9/29/22,1,80,10/18/22,75,4/13/23,Common Chickweed,NA,NA,44.57,5/23/23,Red Clover,Common Chickweed,Corn Speedwell,179.3,2.7,7172,108,925.08,1493.70,
CT,2,29,9/29/22,1,15,10/18/22,13,4/13/23,Common Chickweed,NA,NA,17.37,5/23/23,Red Clover,Common Chickweed,Corn Speedwell,82.9,13.4,3316,536,925.08,1493.70,
CT,2,30,9/29/22,1,0,10/18/22,0,4/13/23,Common Chickweed,NA,NA,1.12,5/23/23,Common Chickweed,Red Clover,Ladysthumb Smartweed,0,26.2,0,1048,925.08,1493.70,
CT,2,31,10/31/22,3,0,11/17/22,0,4/13/23,NA,NA,NA,0.29,5/23/23,Red Clover,Common Chickweed,Common Lambsquarters,0,10.1,0,404,552.86,1121.48,
CT,2,32,10/31/22,3,80,11/17/22,70,4/13/23,NA,NA,NA,16.57,5/23/23,Red Clover,NA,NA,119.5,0.4,4780,16,552.86,1121.48,
CT,2,33,10/31/22,3,105,11/17/22,52,4/13/23,NA,NA,NA,17.12,5/23/23,Red Clover,Annual Ragweed,NA,154,0.8,6160,32,552.86,1121.48,
CT,2,34,10/31/22,3,50,11/17/22,50,4/13/23,NA,NA,NA,8.38,5/23/23,Annual Ragweed,Red Clover,NA,89.5,0.2,3580,8,552.86,1121.48,
CT,2,35,10/31/22,3,15,11/17/22,10,4/13/23,NA,NA,NA,0.19,5/23/23,Red Clover,Ladysthumb Smartweed,Deadnettle,2,13.2,80,528,552.86,1121.48,
CT,2,36,10/31/22,3,25,11/17/22,14,4/13/23,NA,NA,NA,0.24,5/23/23,Common Chickweed,Annual Ragweed,Ladysthumb Smartweed,4.5,12.4,180,496,552.86,1121.48,
CT,3,37,10/31/22,3,105,11/17/22,40,4/13/23,NA,NA,NA,19.82,5/24/23,Red Clover,Annual Ragweed,Corn Speedwell,126,1.1,5040,44,552.86,1121.48,
CT,3,38,10/31/22,3,0,11/17/22,0,4/13/23,NA,NA,NA,0.28,5/24/23,Red Clover,Thymeleaf Speedwell,Ladysthumb Smartweed,0,13.9,0,556,552.86,1121.48,
CT,3,39,10/31/22,3,15,11/17/22,13,4/13/23,NA,NA,NA,0.27,5/24/23,Red Clover,Thymeleaf Speedwell,Common Lambsquarters,1.6,11.8,64,472,552.86,1121.48,
CT,3,40,10/31/22,3,50,11/17/22,12,4/13/23,NA,NA,NA,2.23,5/24/23,Ladysthumb Smartweed,Thymeleaf Speedwell,Red Clover,37.6,9.6,1504,384,552.86,1121.48,
CT,3,41,10/31/22,3,25,11/17/22,10,4/13/23,NA,NA,NA,0.87,5/24/23,Thymeleaf Speedwell,Shepherds Purse,Common Lambsquarters,6.9,7.8,276,312,552.86,1121.48,
CT,3,42,10/31/22,3,80,11/17/22,42,4/13/23,NA,NA,NA,5.64,5/24/23,Red Clover,Thymeleaf Speedwell,Ladysthumb Smartweed,75.4,3.1,3016,124,552.86,1121.48,
CT,3,43,10/13/22,2,50,11/3/22,57,4/13/23,NA,NA,NA,30.03,5/24/23,Red Clover,Thymeleaf Speedwell,NA,92.5,0.6,3700,24,768.56,1337.18,
CT,3,44,10/13/22,2,15,11/3/22,11,4/13/23,NA,NA,NA,3.07,5/24/23,Red Clover,Thymeleaf Speedwell,Shepherds Purse,10.5,4,420,160,768.56,1337.18,
CT,3,45,10/13/22,2,25,11/3/22,24,4/13/23,NA,NA,NA,6.86,5/24/23,Red Clover,Common Chickweed,NA,97.3,4.8,3892,192,768.56,1337.18,
CT,3,46,10/13/22,2,80,11/3/22,56,4/13/23,NA,NA,NA,19.42,5/24/23,Red Clover,Annual Ragweed,NA,106.7,0.6,4268,24,768.56,1337.18,
CT,3,47,10/13/22,2,105,11/3/22,91,4/13/23,NA,NA,NA,17.52,5/24/23,Red Clover,Thymeleaf Speedwell,NA,147.1,0.4,5884,16,768.56,1337.18,
CT,3,48,10/13/22,2,0,11/3/22,0,4/13/23,NA,NA,NA,0.36,5/24/23,Thymeleaf Speedwell,Common Lambsquarters,Prickly Lettuce,0,10,0,400,768.56,1337.18,
CT,3,49,9/29/22,1,105,10/18/22,99,4/13/23,NA,NA,NA,24.57,5/24/23,Red Clover,Common Chickweed,NA,119.3,1.2,4772,48,925.08,1493.70,
CT,3,50,9/29/22,1,50,10/18/22,65,4/13/23,NA,NA,NA,18.44,5/24/23,Red Clover,Common Chickweed,Corn Speedwell,81.3,1.8,3252,72,925.08,1493.70,
CT,3,51,9/29/22,1,25,10/18/22,16,4/13/23,Common Chickweed,NA,NA,10.55,5/24/23,Red Clover,Common Chickweed,Thymeleaf Speedwell,51.5,5.8,2060,232,925.08,1493.70,
CT,3,52,9/29/22,1,15,10/18/22,42,4/13/23,Common Chickweed,NA,NA,25.2,5/24/23,Red Clover,Common Chickweed,NA,122.7,2.1,4908,84,925.08,1493.70,
CT,3,53,9/29/22,1,0,10/18/22,0,4/13/23,NA,NA,NA,0.39,5/24/23,Red Clover,Thymeleaf Speedwell,Common Chickweed,0,10.7,0,428,925.08,1493.70,
CT,3,54,9/29/22,1,80,10/18/22,98,4/13/23,Common Chickweed,NA,NA,30.61,5/24/23,Red Clover,Common Chickweed,NA,134.9,1.6,5396,64,925.08,1493.70,
MD,,101,10/24/22,1,0,11/5/22,0,3/28/23,LAMAM,POANN,ARBTH,11.71,5/8/23,VIORA,UK,NA,0,38.9,0,1556,1114.47,1858.45,
MD,,102,10/24/22,1,15,11/5/22,12,3/28/23,LAMAM,POANN,CERVU,42.8,5/8/23,VIORA,ERICA,NA,171.7,1.3,6868,52,1114.47,1858.45,
MD,,103,10/24/22,1,25,11/5/22,22,3/28/23,POANN,CERVU,NA,36.06,5/8/23,VIORA,POANN,NA,125.9,1.5,5036,60,1114.47,1858.45,
MD,,104,10/24/22,1,50,11/5/22,45,3/28/23,POANN,NA,NA,49.49,5/8/23,POANN,CERVU,NA,170.8,5.1,6832,204,1114.47,1858.45,
MD,,105,10/24/22,1,80,11/5/22,49,3/28/23,POANN,VERPE,LAMAM,50.67,5/8/23,VIORA,NA,NA,157.8,0.7,6312,28,1114.47,1858.45,
MD,,106,10/24/22,1,105,11/5/22,28,3/28/23,LAMAM,POANN,NA,45.8,5/8/23,LAMAM,POANN,NA,202.6,1.4,8104,56,1114.47,1858.45,
MD,,107,10/31/22,2,0,11/14/22,0,3/28/23,LAMAM,POANN,NA,1.62,5/8/23,LAMAM,POANN,NA,0,29.6,0,1184,1004.59,1748.57,
MD,,108,10/31/22,2,15,11/14/22,7,3/28/23,VERPE,POANN,STEME,21.66,5/8/23,POANN,STEME,VIORA,183.6,3.5,7344,140,1004.59,1748.57,
MD,,109,10/31/22,2,25,11/14/22,9,3/28/23,POANN,NA,NA,24.43,5/8/23,POANN,NA,NA,120.9,0.8,4836,32,1004.59,1748.57,
MD,,110,10/31/22,2,50,11/14/22,33,3/28/23,POANN,NA,NA,35.49,5/8/23,POANN,VIORA,NA,148.1,1,5924,40,1004.59,1748.57,
MD,,111,10/31/22,2,80,11/14/22,6,3/28/23,POANN,CERVU,NA,55,5/8/23,POANN,CERVU,NA,171.4,0.5,6856,20,1004.59,1748.57,
MD,,112,10/31/22,2,105,11/14/22,50,3/28/23,POANN,NA,NA,49.15,5/8/23,VIORA,LAMAM,NA,150.8,0.5,6032,20,1004.59,1748.57,
MD,,113,11/14/22,3,0,12/12/22,0,3/28/23,VIORA,NA,NA,3.4,5/8/23,POANN,VIORA,NA,0,19.9,0,796,723.17,1467.14,
MD,,114,11/14/22,3,15,12/12/22,0,3/28/23,POANN,LAMAM,VERPE,2.75,5/8/23,POANN,VIORA,NA,113.7,1.5,4548,60,723.17,1467.14,
MD,,115,11/14/22,3,25,12/12/22,5,3/28/23,POANN,NA,NA,8.54,5/8/23,POANN,NA,NA,123.3,2.5,4932,100,723.17,1467.14,
MD,,116,11/14/22,3,50,12/12/22,36,3/28/23,POANN,VIORA,NA,35.01,5/8/23,VIORA,POANN,NA,169.4,0.5,6776,20,723.17,1467.14,
MD,,117,11/14/22,3,80,12/12/22,40,3/28/23,LAMMA,VIORA,CERVU,42.91,5/8/23,CERVU,NA,NA,155.9,0.1,6236,4,723.17,1467.14,
MD,,118,11/14/22,3,105,12/12/22,70,3/28/23,LAMAM,ARBTH,VERPE,37.61,5/8/23,CERVU,LAMAM,NA,161.3,1.2,6452,48,723.17,1467.14,
MD,,201,10/31/22,2,50,11/14/22,19,3/28/23,VERPE,VIORA,POANN,36.49,5/8/23,NA,NA,NA,239.1,0.4,9564,16,1004.59,1748.57,
MD,,202,10/31/22,2,80,11/14/22,30,3/28/23,NA,NA,NA,54.37,5/8/23,NA,NA,NA,119.3,0,4772,0,1004.59,1748.57,
MD,,203,10/31/22,2,25,11/14/22,9,3/28/23,NA,NA,NA,27.42,5/8/23,VIORA,NA,NA,207,2,8280,80,1004.59,1748.57,
MD,,204,10/31/22,2,15,11/14/22,3,3/28/23,VERPE,POANN,VIORA,27.55,5/8/23,POANN,VIORA,LAMAM,186.1,4.9,7444,196,1004.59,1748.57,
MD,,205,10/31/22,2,105,11/14/22,33,3/28/23,VERPE,NA,NA,59.93,5/8/23,VIORA,POANN,NA,195.2,0.5,7808,20,1004.59,1748.57,
MD,,206,10/31/22,2,0,11/14/22,0,3/28/23,VERPE,POANN,NA,2.31,5/8/23,POANN,LAMAM,NA,0,38.4,0,1536,1004.59,1748.57,
MD,,207,11/14/22,3,50,12/12/22,38,3/28/23,CERVU,VIORA,NA,57.41,5/8/23,VIORA,POANN,NA,190.6,0.7,7624,28,723.17,1467.14,
MD,,208,11/14/22,3,105,12/12/22,73,3/28/23,VERPE,NA,NA,51.61,5/8/23,POANN,NA,NA,181.9,0.2,7276,8,723.17,1467.14,
MD,,209,11/14/22,3,0,12/12/22,0,3/28/23,POANN,VERPE,ALLVI,0.3,5/8/23,VERPE,LAMAM,NA,0,5.3,0,212,723.17,1467.14,
MD,,210,11/14/22,3,25,12/12/22,22,3/28/23,VERPE,POANN,ALLVI,3.71,5/8/23,POANN,NA,NA,135.1,1.3,5404,52,723.17,1467.14,
MD,,211,11/14/22,3,80,12/12/22,47,3/28/23,VERPE,POANN,VIORA,35.84,5/8/23,STEME,NA,NA,146,0.3,5840,12,723.17,1467.14,
MD,,212,11/14/22,3,15,12/12/22,4,3/28/23,VERPE,ALLVI,POANN,19.34,5/8/23,STEME,POANN,NA,115.7,1,4628,40,723.17,1467.14,
MD,,213,10/24/22,1,50,11/5/22,29,3/28/23,POANN,NA,NA,36.2,5/8/23,POANN,NA,NA,166.6,1.9,6664,76,1114.47,1858.45,
MD,,214,10/24/22,1,0,11/5/22,0,3/28/23,POANN,VERPE,ARBTH,11.75,5/8/23,VIORA,POANN,LAMAM,0,47.6,0,1904,1114.47,1858.45,
MD,,215,10/24/22,1,105,11/5/22,0,3/28/23,POANN,VERPE,LAMAM,8.42,5/8/23,VIORA,POANN,LAMAM,29.8,20,1192,800,1114.47,1858.45,
MD,,216,10/24/22,1,25,11/5/22,11,3/28/23,POANN,VERPE,VIORA,30.24,5/8/23,VIORA,POANN,NA,215.5,1.3,8620,52,1114.47,1858.45,
MD,,217,10/24/22,1,15,11/5/22,8,3/28/23,LAMAM,POANN,VERPE,16.48,5/8/23,VIORA,POANN,NA,169.9,4.3,6796,172,1114.47,1858.45,
MD,,218,10/24/22,1,80,11/5/22,67,3/28/23,CAPBP,NA,NA,55.22,5/8/23,POANN,VERPE,NA,160.3,1.7,6412,68,1114.47,1858.45,
MD,,301,11/14/22,3,80,12/12/22,5,3/28/23,NA,NA,NA,2.48,5/8/23,NA,NA,NA,125.1,1,5004,40,723.17,1467.14,
MD,,302,11/14/22,3,50,12/12/22,20,3/28/23,NA,NA,NA,27.42,5/8/23,VIORA,NA,NA,211.4,0.2,8456,8,723.17,1467.14,
MD,,303,11/14/22,3,105,12/12/22,55,3/28/23,VERPE,NA,NA,51.71,5/8/23,VERPE,NA,NA,191.1,0.4,7644,16,723.17,1467.14,
MD,,304,11/14/22,3,25,12/12/22,34,3/28/23,VERPE,NA,NA,21.06,5/8/23,VERPE,NA,NA,171.5,1.6,6860,64,723.17,1467.14,
MD,,305,11/14/22,3,15,12/12/22,8,3/28/23,VERPE,NA,NA,18.55,5/8/23,VERPE,NA,NA,120.3,1.6,4812,64,723.17,1467.14,
MD,,306,11/14/22,3,0,12/12/22,0,3/28/23,VERPE,POANN,NA,1.8,5/8/23,VERPE,POANN,NA,0,28,0,1120,723.17,1467.14,
MD,,307,10/31/22,2,80,11/14/22,47,3/28/23,POANN,NA,NA,30.74,5/8/23,POANN,NA,NA,166.2,0.1,6648,4,1004.59,1748.57,
MD,,308,10/31/22,2,50,11/14/22,25,3/28/23,VIORA,NA,NA,31.16,5/8/23,LAMAM,POANN,NA,173.9,1.3,6956,52,1004.59,1748.57,
MD,,309,10/31/22,2,105,11/14/22,30,3/28/23,VERPE,NA,NA,40.68,5/8/23,VIORA,NA,NA,266.8,0.2,10672,8,1004.59,1748.57,
MD,,310,10/31/22,2,25,11/14/22,16,3/28/23,VERPE,NA,NA,21.02,5/8/23,VIORA,NA,NA,288.3,2.7,11532,108,1004.59,1748.57,
MD,,311,10/31/22,2,15,11/14/22,4,3/28/23,VERPE,NA,NA,25.78,5/8/23,VIORA,NA,NA,251.3,2.3,10052,92,1004.59,1748.57,
MD,,312,10/31/22,2,0,11/14/22,0,3/28/23,POANN,ALLVI,VIORA,0.24,5/8/23,VERPE,VIORA,NA,0,6.8,0,272,1004.59,1748.57,
MD,,313,10/24/22,1,25,11/5/22,18,3/28/23,POANN,LAMAM,ERICA,48.82,5/8/23,POANN,NA,NA,142.2,14.2,5688,568,1114.47,1858.45,
MD,,314,10/24/22,1,80,11/5/22,50,3/28/23,POANN,VIORA,NA,35.61,5/8/23,POANN,VERPE,NA,139.6,3.2,5584,128,1114.47,1858.45,
MD,,315,10/24/22,1,15,11/5/22,6,3/28/23,VIORA,POANN,NA,43.96,5/8/23,POANN,NA,NA,110.1,4,4404,160,1114.47,1858.45,
MD,,316,10/24/22,1,105,11/5/22,55,3/28/23,VIORA,LAMAM,POANN,39.09,5/8/23,VIORA,POANN,VERPE,128.7,5.2,5148,208,1114.47,1858.45,
MD,,317,10/24/22,1,0,11/5/22,0,3/28/23,VIORA,ALLVI,POANN,7.19,5/8/23,VERPE,VIORA,ERICA,0,53.3,0,2132,1114.47,1858.45,
MD,,318,10/24/22,1,50,11/5/22,52,3/28/23,POANN,NA,NA,51.84,5/8/23,PHTAM,NA,NA,183.7,1.8,7348,72,1114.47,1858.45,
DE,1,101,10/12/2022,1,50,12/8/22,29,4-Apr-23,Field pansy,Ivy speedwell,Jagged chickweed,16.92,10-May-23,Field pansy,Cutleaf eveningprimrose,NA,79.2,2.8,3168,112,1455.98,2125.50,
DE,1,102,10/12/2022,1,105,12/8/22,70,4-Apr-23,Field pansy,Ivy speedwell,,17.79,10-May-23,Field pansy,Common vetch,NA,74.8,5.8,2992,232,1455.98,2125.50,
DE,1,103,10/12/2022,1,25,12/8/22,34,4-Apr-23,Field pansy,Ivy speedwell,Common vetch,45.87,10-May-23,Field pansy,Common vetch,NA,101,11,4040,440,1455.98,2125.50,
DE,1,104,10/12/2022,1,80,12/8/22,66,4-Apr-23,Field pansy,Jagged chickweed,Cutleaf eveningprimrose,14.53,10-May-23,Field pansy,Cutleaf eveningprimrose,NA,59.6,6.8,2384,272,1455.98,2125.50,
DE,1,105,10/12/2022,1,0,12/8/22,0,4-Apr-23,Field pansy,Cutleaf eveningprimrose,,11.43,10-May-23,Field pansy,Cutleaf eveningprimrose,NA,0,26.4,0,1056,1455.98,2125.50,
DE,1,106,10/12/2022,1,150,12/8/22,49,4-Apr-23,Field pansy,Ivy speedwell,Jagged chickweed,23.02,10-May-23,Field pansy,NA,NA,70.8,4.4,2832,176,1455.98,2125.50,
DE,1,107,10/12/2022,1,15,12/8/22,9,4-Apr-23,Field pansy,Ivy speedwell,Common vetch,22.34,10-May-23,Field pansy,Common vetch,Chickweed spp,55.4,24.6,2216,984,1455.98,2125.50,
DE,1,108,10/31/2022,2,0,12/8/22,0,4-Apr-23,Field pansy,Ivy speedwell,Common vetch,3.03,10-May-23,Field pansy,Common vetch,NA,0,18.8,0,752,1159.67,1829.20,
DE,1,109,10/31/2022,2,80,12/8/22,32,4-Apr-23,Field pansy,Ivy speedwell,Common vetch,10.71,10-May-23,Field pansy,Common vetch,NA,25,13,1000,520,1159.67,1829.20,
DE,1,110,10/31/2022,2,150,12/8/22,78,4-Apr-23,Field pansy,Ivy speedwell,NA,24.16,10-May-23,Field pansy,NA,NA,67,9.2,2680,368,1159.67,1829.20,
DE,1,111,10/31/2022,2,50,12/8/22,26,4-Apr-23,Field pansy,NA,NA,22.99,10-May-23,Field pansy,NA,NA,28.6,20.4,1144,816,1159.67,1829.20,
DE,1,112,10/31/2022,2,15,12/8/22,9,4-Apr-23,Field pansy,NA,NA,14.6,10-May-23,Field pansy,NA,NA,16.2,27,648,1080,1159.67,1829.20,
DE,1,113,10/31/2022,2,105,12/8/22,53,4-Apr-23,Field pansy,Ivy speedwell,NA,20.84,10-May-23,Field pansy,Common vetch,NA,40.8,17.4,1632,696,1159.67,1829.20,
DE,1,114,10/31/2022,2,25,12/8/22,12,4-Apr-23,Field pansy,Common vetch,Ivy speedwell,19.56,10-May-23,Field pansy,Common vetch,Cutleaf eveningprimrose,28.8,31.4,1152,1256,1159.67,1829.20,
DE,1,115,11/17/2022,3,80,12/8/22,29,4-Apr-23,Field pansy,Common vetch,Ivy speedwell,9.51,10-May-23,Field pansy,NA,NA,29.4,5.6,1176,224,863.50,1533.03,
DE,1,116,11/17/2022,3,15,12/8/22,6,4-Apr-23,Field pansy,Common vetch,NA,6.3,10-May-23,Field pansy,NA,NA,8.8,19.4,352,776,863.50,1533.03,
DE,1,117,11/17/2022,3,50,12/8/22,36,4-Apr-23,Field pansy,Cutleaf eveningprimrose,,25.37,10-May-23,Field pansy,NA,NA,19.2,21.4,768,856,863.50,1533.03,
DE,1,118,11/17/2022,3,25,12/8/22,19,4-Apr-23,Field pansy,NA,NA,13.98,10-May-23,Field pansy,NA,NA,20,30.8,800,1232,863.50,1533.03,
DE,1,119,11/17/2022,3,105,12/8/22,62,4-Apr-23,Field pansy,Ivy speedwell,NA,12.48,10-May-23,Field pansy,NA,NA,20.6,18.8,824,752,863.50,1533.03,
DE,1,120,11/17/2022,3,0,12/8/22,0,4-Apr-23,Field pansy,Ivy speedwell,NA,10.46,10-May-23,Field pansy,Common vetch,NA,0,34.4,0,1376,863.50,1533.03,
DE,1,121,11/17/2022,3,150,12/8/22,61,4-Apr-23,Field pansy,Ivy speedwell,Common vetch,14.63,10-May-23,Field pansy,Common vetch,Chickweed spp,21.4,19.8,856,792,863.50,1533.03,
DE,2,201,10/31/2022,2,105,12/8/22,58,4-Apr-23,Field pansy,NA,NA,14.42,10-May-23,Field pansy,Cutleaf eveningprimrose,NA,80.8,3.6,3232,144,1159.67,1829.20,
DE,2,202,10/31/2022,2,15,12/8/22,15,4-Apr-23,Field pansy,Cutleaf eveningprimrose,Ivy speedwell,11.18,10-May-23,Field pansy,Cutleaf eveningprimrose,NA,23.6,14.6,944,584,1159.67,1829.20,
DE,2,203,10/31/2022,2,50,12/8/22,35,4-Apr-23,Field pansy,NA,NA,33.82,10-May-23,Field pansy,NA,NA,55,14,2200,560,1159.67,1829.20,
DE,2,204,10/31/2022,2,150,12/8/22,78,4-Apr-23,Field pansy,Ivy speedwell,NA,23.95,10-May-23,Field pansy,NA,NA,67.2,11.4,2688,456,1159.67,1829.20,
DE,2,205,10/31/2022,2,80,12/8/22,49,4-Apr-23,Field pansy,Ivy speedwell,NA,14.28,10-May-23,Field pansy,NA,NA,35,13.8,1400,552,1159.67,1829.20,
DE,2,206,10/31/2022,2,25,12/8/22,15,4-Apr-23,Field pansy,Ivy speedwell,NA,13.84,10-May-23,Field pansy,NA,NA,61.2,19,2448,760,1159.67,1829.20,
DE,2,207,10/31/2022,2,0,12/8/22,0,4-Apr-23,Field pansy,Cutleaf eveningprimrose,,6.48,10-May-23,Field pansy,Cutleaf eveningprimrose,NA,0,29.8,0,1192,1159.67,1829.20,
DE,2,208,10/12/2022,1,150,12/8/22,76,4-Apr-23,Mouseear chickweed,Field pansy,Ivy speedwell,15.21,10-May-23,Mouseear chickweed,Field pansy,NA,86.2,4.2,3448,168,1455.98,2125.50,
DE,2,209,10/12/2022,1,50,12/8/22,35,4-Apr-23,Field pansy,Cutleaf eveningprimrose,Jagged chickweed,12.6,10-May-23,Field pansy,Cutleaf eveningprimrose,NA,60.8,2.8,2432,112,1455.98,2125.50,
DE,2,210,10/12/2022,1,0,12/8/22,0,4-Apr-23,Field pansy,Cutleaf eveningprimrose,Jagged chickweed,33.22,10-May-23,Field pansy,Cutleaf eveningprimrose,NA,0,29.2,0,1168,1455.98,2125.50,
DE,2,211,10/12/2022,1,105,12/8/22,45,4-Apr-23,Field pansy,Jagged chickweed,Cutleaf eveningprimrose,25.44,10-May-23,Field pansy,Cutleaf eveningprimrose,NA,59.8,8.6,2392,344,1455.98,2125.50,
DE,2,212,10/12/2022,1,80,12/8/22,67,4-Apr-23,Field pansy,Common vetch,Mouseear chickweed,22.01,10-May-23,Field pansy,Chickweed spp,NA,80,8.6,3200,344,1455.98,2125.50,
DE,2,213,10/12/2022,1,15,12/8/22,20,4-Apr-23,Field pansy,NA,NA,20.91,10-May-23,Field pansy,Common vetch,NA,67,22,2680,880,1455.98,2125.50,
DE,2,214,10/12/2022,1,25,12/8/22,20,4-Apr-23,Field pansy,NA,NA,15.39,10-May-23,Field pansy,Chickweed spp,NA,63,8.4,2520,336,1455.98,2125.50,
DE,2,215,11/17/2022,3,15,12/8/22,13,4-Apr-23,henbit,Mouseear chickweed,NA,4.01,10-May-23,Mouseear chickweed,,NA,18.2,6.2,728,248,863.50,1533.03,
DE,2,216,11/17/2022,3,50,12/8/22,36,4-Apr-23,Field pansy,Cutleaf eveningprimrose,,10.14,10-May-23,Field pansy,Cutleaf eveningprimrose,NA,32.4,7,1296,280,863.50,1533.03,
DE,2,217,11/17/2022,3,150,12/8/22,73,4-Apr-23,Field pansy,NA,NA,37.88,10-May-23,Field pansy,Chickweed spp,NA,23,18,920,720,863.50,1533.03,
DE,2,218,11/17/2022,3,0,12/8/22,0,4-Apr-23,Field pansy,NA,NA,17.35,10-May-23,Field pansy,Cutleaf eveningprimrose,NA,0,24.2,0,968,863.50,1533.03,
DE,2,219,11/17/2022,3,25,12/8/22,18,4-Apr-23,Field pansy,NA,NA,14.6,10-May-23,Field pansy,NA,NA,18.4,29.4,736,1176,863.50,1533.03,
DE,2,220,11/17/2022,3,80,12/8/22,37,4-Apr-23,Field pansy,NA,NA,10.71,10-May-23,Field pansy,NA,NA,14.6,16,584,640,863.50,1533.03,
DE,2,221,11/17/2022,3,105,12/8/22,58,4-Apr-23,Field pansy,NA,NA,13.61,10-May-23,Field pansy,NA,NA,29.6,15.2,1184,608,863.50,1533.03,
DE,3,301,11/17/2022,3,0,12/8/22,0,4-Apr-23,henbit,Field pansy,Jagged chickweed,2.72,10-May-23,Field pansy,Chickweed spp,Ivy Speedwell,0,7.6,0,304,863.50,1533.03,
DE,3,302,11/17/2022,3,105,12/8/22,51,4-Apr-23,Field pansy,Cutleaf eveningprimrose,,10.09,10-May-23,Field pansy,NA,NA,47.2,0,1888,0,863.50,1533.03,
DE,3,303,11/17/2022,3,80,12/8/22,38,4-Apr-23,Field pansy,NA,NA,21.66,10-May-23,Field pansy,Chickweed spp,NA,23.4,17.2,936,688,863.50,1533.03,
DE,3,304,11/17/2022,3,15,12/8/22,10,4-Apr-23,Field pansy,Cutleaf eveningprimrose,Henbit,8.42,10-May-23,Field pansy,Cutleaf eveningprimrose,NA,10,23.8,400,952,863.50,1533.03,
DE,3,305,11/17/2022,3,150,12/8/22,80,4-Apr-23,Field pansy,NA,NA,12.36,10-May-23,Field pansy,Chickweed spp,Common vetch,39.2,17,1568,680,863.50,1533.03,
DE,3,306,11/17/2022,3,25,12/8/22,17,4-Apr-23,Field pansy,Jagged chickweed,Henbit,8.7,10-May-23,Field pansy,Cutleaf eveningprimrose,Chickweed spp,11.6,26,464,1040,863.50,1533.03,
DE,3,307,11/17/2022,3,50,12/8/22,27,4-Apr-23,Field pansy,Henbit,NA,12.03,10-May-23,Field pansy,NA,NA,18.6,14.6,744,584,863.50,1533.03,
DE,3,308,10/12/2022,1,105,12/8/22,76,4-Apr-23,Mouseear chickweed,Henbit,NA,10.49,10-May-23,Mouseear chickweed,Annual ryegrass,NA,52,3.6,2080,144,1285.61,1948.46,
DE,3,309,10/12/2022,1,25,12/8/22,21,4-Apr-23,Field pansy,Henbit,NA,18.21,10-May-23,Field pansy,NA,NA,77.8,7.2,3112,288,1285.61,1948.46,
DE,3,310,10/12/2022,1,150,12/8/22,60,4-Apr-23,Field pansy,Cutleaf eveningprimrose,NA,32.94,10-May-23,Field pansy,Chickweed spp,Cutleaf eveningprimrose,70.2,12,2808,480,1285.61,1948.46,
DE,3,311,10/12/2022,1,0,12/8/22,0,4-Apr-23,Field pansy,Cutleaf eveningprimrose,NA,10.25,10-May-23,Field pansy,Chickweed spp,Cutleaf eveningprimrose,0,34,0,1360,1285.61,1948.46,
DE,3,312,10/12/2022,1,15,12/8/22,13,4-Apr-23,Field pansy,Henbit,Common vetch,24.32,10-May-23,Field pansy,Common vetch,Cutleaf eveningprimrose,54.8,26.4,2192,1056,1285.61,1948.46,
DE,3,313,10/12/2022,1,80,12/8/22,51,4-Apr-23,Field pansy,Henbit,Jagged chickweed,19.01,10-May-23,Field pansy,Chickweed spp,NA,72.4,8.6,2896,344,1285.61,1948.46,
DE,3,314,10/12/2022,1,50,12/8/22,30,4-Apr-23,Field pansy,NA,NA,19.47,10-May-23,Field pansy,Cutleaf eveningprimrose,NA,78,6.8,3120,272,1285.61,1948.46,
DE,3,315,10/31/2022,2,80,12/8/22,52,4-Apr-23,henbit,Mouseear chickweed,Jagged chickweed,11.02,10-May-23,Mouseear chickweed,Field pansy,NA,37.6,3.2,1504,128,1159.67,1829.20,
DE,3,316,10/31/2022,2,105,12/8/22,78,4-Apr-23,Field pansy,NA,NA,15.66,10-May-23,Field pansy,NA,NA,61.6,2.2,2464,88,1159.67,1829.20,
DE,3,317,10/31/2022,2,15,12/8/22,14,4-Apr-23,Field pansy,Cutleaf eveningprimrose,,25.47,10-May-23,Field pansy,Chickweed spp,NA,24.4,25,976,1000,1159.67,1829.20,
DE,3,318,10/31/2022,2,0,12/8/22,0,4-Apr-23,Field pansy,Henbit,NA,25.16,10-May-23,Field pansy,Cutleaf eveningprimrose,NA,0,21.6,0,864,1159.67,1829.20,
DE,3,319,10/31/2022,2,25,12/8/22,26,4-Apr-23,Field pansy,Cutleaf eveningprimrose,Henbit,14.75,10-May-23,Field pansy,Cutleaf eveningprimrose,NA,50.6,7,2024,280,1159.67,1829.20,
DE,3,320,10/31/2022,2,150,12/8/22,85,4-Apr-23,Field pansy,Mouseear chickweed,Henbit,16.39,10-May-23,Field pansy,Chickweed spp,NA,59.4,12.6,2376,504,1159.67,1829.20,
DE,3,321,10/31/2022,2,50,12/8/22,36,4-Apr-23,Field pansy,NA,NA,13.63,10-May-23,Field pansy,NA,NA,44,8.4,1760,336,1159.67,1829.20,
DE,4,401,10/12/2022,1,25,12/8/22,22,4-Apr-23,Mouseear chickweed,Jagged chickweed,Field pansy,17.51,10-May-23,Mouseear chickweed,Field pansy,NA,42.6,6.2,1704,248,1455.98,2125.50,
DE,4,402,10/12/2022,1,105,12/8/22,68,4-Apr-23,Field pansy,NA,NA,15.5,10-May-23,Field pansy,NA,NA,65.2,3.4,2608,136,1455.98,2125.50,
DE,4,403,10/12/2022,1,15,12/8/22,11,4-Apr-23,Field pansy,Cutleaf eveningprimrose,,17.79,10-May-23,Field pansy,NA,NA,44,21,1760,840,1455.98,2125.50,
DE,4,404,10/12/2022,1,150,12/8/22,120,4-Apr-23,Field pansy,Cutleaf eveningprimrose,,22.24,10-May-23,Field pansy,NA,NA,98.4,7.2,3936,288,1455.98,2125.50,
DE,4,405,10/12/2022,1,50,12/8/22,37,4-Apr-23,Field pansy,NA,NA,18.77,10-May-23,Field pansy,NA,NA,84,6.4,3360,256,1455.98,2125.50,
DE,4,406,10/12/2022,1,0,12/8/22,0,4-Apr-23,Field pansy,Cutleaf eveningprimrose,,12,10-May-23,Field pansy,NA,NA,0,24.8,0,992,1455.98,2125.50,
DE,4,407,10/12/2022,1,80,12/8/22,40,4-Apr-23,Field pansy,Henbit,Jagged chickweed,17.36,10-May-23,Field pansy,NA,NA,71,6.8,2840,272,1455.98,2125.50,
DE,4,408,11/17/2022,3,50,12/8/22,26,4-Apr-23,henbit,Whitlowgrass,Mouseear chickweed,10.14,10-May-23,Field pansy,Chickweed spp,NA,16,9.8,640,392,863.50,1533.03,
DE,4,409,11/17/2022,3,25,12/8/22,12,4-Apr-23,Field pansy,Cutleaf eveningprimrose,,12.8,10-May-23,Field pansy,Cutleaf eveningprimrose,,11.6,16.2,464,648,863.50,1533.03,
DE,4,410,11/17/2022,3,15,12/8/22,7,4-Apr-23,Field pansy,Cutleaf eveningprimrose,,20.95,10-May-23,Field pansy,Chickweed spp,Cutleaf eveningprimrose,7.4,35.4,296,1416,863.50,1533.03,
DE,4,411,11/17/2022,3,105,12/8/22,.,4-Apr-23,NA,NA,NA,,10-May-23,NA,NA,NA,NA,NA,NA,NA,863.50,1533.03,
DE,4,412,11/17/2022,3,0,12/8/22,0,4-Apr-23,Field pansy,Cutleaf eveningprimrose,,13.45,10-May-23,Field pansy,Chickweed spp,Cutleaf eveningprimrose,0,30.4,0,1216,863.50,1533.03,
DE,4,413,11/17/2022,3,150,12/8/22,69,4-Apr-23,Field pansy,Cutleaf eveningprimrose,,26.48,10-May-23,Field pansy,Chickweed spp,Cutleaf eveningprimrose,27.8,24.2,1112,968,863.50,1533.03,
DE,4,414,11/17/2022,3,80,12/8/22,38,4-Apr-23,Field pansy,NA,NA,15.84,10-May-23,Field pansy,NA,NA,24.8,21.8,992,872,863.50,1533.03,
DE,4,415,10/31/2022,2,15,12/8/22,8,4-Apr-23,Field pansy,Henbit,Jagged chickweed,10.02,10-May-23,Field pansy,Chickweed spp,NA,53,3.2,2120,128,1159.67,1829.20,
DE,4,416,10/31/2022,2,150,12/8/22,87,4-Apr-23,Field pansy,NA,NA,31.94,10-May-23,Field pansy,Common vetch,NA,52.8,11.2,2112,448,1159.67,1829.20,
DE,4,417,10/31/2022,2,80,12/8/22,47,4-Apr-23,Field pansy,Parsley pierre,NA,29.76,10-May-23,Field pansy,NA,NA,60.2,11.2,2408,448,1159.67,1829.20,
DE,4,418,10/31/2022,2,25,12/8/22,22,4-Apr-23,Field pansy,Cutleaf eveningprimrose,,32.35,10-May-23,Field pansy,Chickweed spp,NA,42.8,22.6,1712,904,1159.67,1829.20,
DE,4,419,10/31/2022,2,50,12/8/22,39,4-Apr-23,Field pansy,Cutleaf eveningprimrose,,22.85,10-May-23,Field pansy,NA,NA,66,13.6,2640,544,1159.67,1829.20,
DE,4,420,10/31/2022,2,0,12/8/22,0,4-Apr-23,Field pansy,Mouseear chickweed,Cutleaf eveningprimrose,15.01,10-May-23,Field pansy,Chickweed spp,Cutleaf eveningprimrose,0,33,0,1320,1159.67,1829.20,
DE,4,421,10/31/2022,2,105,12/8/22,75,4-Apr-23,Field pansy,Cutleaf eveningprimrose,,20.16,10-May-23,Field pansy,NA,NA,56.2,7.4,2248,296,1159.67,1829.20,
MA,1,101,9/21/2022,1,80,10/10/22,52,4/13/22,shepard's purse,NA,NA,47.66,5/31/22,shepard's purse,chickweed,NA,142.3,11.2,5692,448,1150.70,1935.59,
MA,1,102,9/21/2022,1,25,10/10/22,24,4/13/22,shepard's purse,NA,NA,59.24,5/31/22,shepard's purse,chickweed,NA,153,6.2,6120,248,1150.70,1935.59,
MA,1,103,9/21/2022,1,50,10/10/22,37,4/13/22,shepard's purse,NA,NA,62.58,5/31/22,shepard's purse,chickweed,NA,184.1,5.3,7364,212,1150.70,1935.59,
MA,1,104,9/21/2022,1,105,10/10/22,79,4/13/22,shepard's purse,NA,NA,48.78,5/31/22,shepard's purse,chickweed,NA,162.2,3.4,6488,136,1150.70,1935.59,
MA,1,105,9/21/2022,1,15,10/10/22,14,4/13/22,shepard's purse,NA,NA,54.92,5/31/22,shepard's purse,chickweed,NA,154.6,10.8,6184,432,1150.70,1935.59,
MA,1,106,9/21/2022,1,0,10/10/22,0,4/13/22,shepard's purse,NA,NA,5.16,5/31/22,shepard's purse,chickweed,NA,0,26.5,0,1060,1150.70,1935.59,
MA,1,111,10/28/2022,3,80,11/17/22,49,4/13/22,NA,NA,NA,19.15,5/31/22,lambsquarters,chickweed,NA,60.9,0,2436,0,603.18,1388.07,
MA,1,112,10/28/2022,3,0,11/17/22,0,4/13/22,NA,NA,NA,0.11,5/31/22,lambsquarters,chickweed,NA,0,10.1,0,404,603.18,1388.07,
MA,1,113,10/28/2022,3,25,11/17/22,14,4/13/22,NA,NA,NA,11.7,5/31/22,lambsquarters,chickweed,NA,48.5,0.6,1940,24,603.18,1388.07,
MA,1,114,10/28/2022,3,15,11/17/22,6,4/13/22,NA,NA,NA,5.05,5/31/22,lambsquarters,chickweed,NA,28.8,0.4,1152,16,603.18,1388.07,
MA,1,115,10/28/2022,3,50,11/17/22,26,4/13/22,NA,NA,NA,12,5/31/22,lambsquarters,chickweed,NA,42.9,0.5,1716,20,603.18,1388.07,
MA,1,116,10/28/2022,3,105,11/17/22,47,4/13/22,NA,NA,NA,15.03,5/31/22,lambsquarters,chickweed,NA,54.2,0,2168,0,603.18,1388.07,
MA,1,121,10/6/2022,2,25,10/27/22,18,4/13/22,shepard's purse,NA,NA,26.4,5/31/22,shepard's purse,chickweed,pineapple weed,83.3,4.9,3332,196,913.89,1698.78,
MA,1,122,10/6/2022,2,80,10/27/22,44,4/13/22,shepard's purse,NA,NA,45.39,5/31/22,shepard's purse,chickweed,pineapple weed,121.3,0.6,4852,24,913.89,1698.78,
MA,1,123,10/6/2022,2,50,10/27/22,30,4/13/22,shepard's purse,NA,NA,46.58,5/31/22,shepard's purse,chickweed,pineapple weed,134.2,3,5368,120,913.89,1698.78,
MA,1,124,10/6/2022,2,15,10/27/22,7,4/13/22,shepard's purse,NA,NA,29.35,5/31/22,shepard's purse,chickweed,pineapple weed,92.3,0,3692,0,913.89,1698.78,
MA,1,125,10/6/2022,2,0,10/27/22,0,4/13/22,shepard's purse,NA,NA,2.75,5/31/22,shepard's purse,chickweed,pineapple weed,0,11.8,0,472,913.89,1698.78,
MA,1,126,10/6/2022,2,105,10/27/22,49,4/13/22,shepard's purse,NA,NA,67.53,5/31/22,shepard's purse,chickweed,pineapple weed,253.1,0,10124,0,913.89,1698.78,
MA,2,201,10/6/2022,2,105,10/27/22,36,4/13/22,shepard's purse,NA,NA,50.21,6/1/22,shepard's purse,chickweed,NA,149,1.9,5960,76,913.89,1698.78,
MA,2,202,10/6/2022,2,80,10/27/22,34,4/13/22,shepard's purse,NA,NA,54.18,6/1/22,shepard's purse,chickweed,NA,146.8,1.6,5872,64,913.89,1698.78,
MA,2,203,10/6/2022,2,25,10/27/22,9,4/13/22,shepard's purse,NA,NA,20.53,6/1/22,shepard's purse,chickweed,NA,50.2,2.4,2008,96,913.89,1698.78,
MA,2,204,10/6/2022,2,50,10/27/22,25,4/13/22,shepard's purse,NA,NA,31.67,6/1/22,shepard's purse,chickweed,NA,88.7,1.1,3548,44,913.89,1698.78,
MA,2,205,10/6/2022,2,0,10/27/22,0,4/13/22,shepard's purse,NA,NA,3.22,6/1/22,shepard's purse,chickweed,NA,0,18.9,0,756,913.89,1698.78,
MA,2,206,10/6/2022,2,15,10/27/22,7,4/13/22,shepard's purse,NA,NA,28.35,6/1/22,shepard's purse,chickweed,NA,76.7,4.8,3068,192,913.89,1698.78,
MA,2,211,9/21/2022,1,15,10/10/22,20,4/13/22,shepard's purse,NA,NA,69.71,6/1/22,shepard's purse,chickweed,NA,184.1,0,7364,0,1150.70,1935.59,
MA,2,212,9/21/2022,1,50,10/10/22,47,4/13/22,shepard's purse,NA,NA,29.54,6/1/22,shepard's purse,chickweed,NA,101.8,3.4,4072,136,1150.70,1935.59,
MA,2,213,9/21/2022,1,0,10/10/22,0,4/13/22,shepard's purse,NA,NA,4.55,6/1/22,shepard's purse,chickweed,NA,0,18.3,0,732,1150.70,1935.59,
MA,2,214,9/21/2022,1,105,10/10/22,77,4/13/22,shepard's purse,NA,NA,54.82,6/1/22,shepard's purse,chickweed,NA,169.9,3.3,6796,132,1150.70,1935.59,
MA,2,215,9/21/2022,1,80,10/10/22,42,4/13/22,shepard's purse,NA,NA,63.47,6/1/22,shepard's purse,chickweed,NA,138.2,6.6,5528,264,1150.70,1935.59,
MA,2,216,9/21/2022,1,25,10/10/22,17,4/13/22,shepard's purse,NA,NA,80.27,6/1/22,shepard's purse,chickweed,NA,236.1,6.6,9444,264,1150.70,1935.59,
MA,2,221,10/28/2022,3,0,11/17/22,0,4/13/22,NA,NA,NA,4.81,6/1/22,lambsquarters,chickweed,NA,0,7.7,0,308,603.18,1388.07,
MA,2,222,10/28/2022,3,15,11/17/22,7,4/13/22,NA,NA,NA,11.02,6/1/22,lambsquarters,chickweed,NA,68.3,0,2732,0,603.18,1388.07,
MA,2,223,10/28/2022,3,25,11/17/22,20,4/13/22,NA,NA,NA,15.72,6/1/22,lambsquarters,chickweed,NA,58.5,0,2340,0,603.18,1388.07,
MA,2,224,10/28/2022,3,80,11/17/22,39,4/13/22,NA,NA,NA,11.79,6/1/22,lambsquarters,chickweed,NA,42.2,0,1688,0,603.18,1388.07,
MA,2,225,10/28/2022,3,105,11/17/22,48,4/13/22,NA,NA,NA,12.86,6/1/22,lambsquarters,chickweed,NA,47.7,0,1908,0,603.18,1388.07,
MA,2,226,10/28/2022,3,50,11/17/22,30,4/13/22,NA,NA,NA,11.3,6/1/22,lambsquarters,chickweed,NA,44.2,0,1768,0,603.18,1388.07,
MA,3,301,10/28/2022,3,105,11/17/22,54,4/13/22,NA,NA,NA,15.69,6/1/22,lambsquarters,chickweed,NA,53.8,0,2152,0,603.18,1388.07,
MA,3,302,10/28/2022,3,25,11/17/22,33,4/13/22,NA,NA,NA,11.17,6/1/22,lambsquarters,chickweed,NA,53.9,0,2156,0,603.18,1388.07,
MA,3,303,10/28/2022,3,80,11/17/22,46,4/13/22,NA,NA,NA,14.13,6/1/22,lambsquarters,chickweed,NA,48.9,0,1956,0,603.18,1388.07,
MA,3,304,10/28/2022,3,50,11/17/22,22,4/13/22,NA,NA,NA,5.68,6/1/22,lambsquarters,chickweed,NA,34.1,0,1364,0,603.18,1388.07,
MA,3,305,10/28/2022,3,15,11/17/22,5,4/13/22,NA,NA,NA,1.76,6/1/22,lambsquarters,chickweed,NA,30,0.7,1200,28,603.18,1388.07,
MA,3,306,10/28/2022,3,0,11/17/22,0,4/13/22,NA,NA,NA,0,6/1/22,lambsquarters,chickweed,NA,0,7.1,0,284,603.18,1388.07,
MA,3,311,10/6/2022,2,0,10/27/22,0,4/13/22,NA,NA,NA,5.34,6/1/22,chickweed,shepard's purse,NA,0,13.6,0,544,913.89,1698.78,
MA,3,312,10/6/2022,2,15,10/27/22,18,4/13/22,NA,NA,NA,31.06,6/1/22,chickweed,shepard's purse,NA,60.7,2.3,2428,92,913.89,1698.78,
MA,3,313,10/6/2022,2,50,10/27/22,39,4/13/22,NA,NA,NA,55.51,6/1/22,chickweed,shepard's purse,NA,135,0,5400,0,913.89,1698.78,
MA,3,314,10/6/2022,2,25,10/27/22,38,4/13/22,NA,NA,NA,33.26,6/1/22,chickweed,shepard's purse,NA,91,2.7,3640,108,913.89,1698.78,
MA,3,315,10/6/2022,2,80,10/27/22,30,4/13/22,NA,NA,NA,64.52,6/1/22,chickweed,shepard's purse,NA,184,1.2,7360,48,913.89,1698.78,
MA,3,316,10/6/2022,2,105,10/27/22,51,4/13/22,NA,NA,NA,78.4,6/1/22,chickweed,shepard's purse,NA,309.7,0,12388,0,913.89,1698.78,
MA,3,321,9/21/2022,1,0,10/10/22,0,4/13/22,shepard's purse,NA,NA,9.04,6/1/22,shepard's purse,chickweed,NA,0,19.1,0,764,1150.70,1935.59,
MA,3,322,9/21/2022,1,80,10/10/22,53,4/13/22,shepard's purse,NA,NA,63.74,6/1/22,shepard's purse,chickweed,NA,217.9,2.8,8716,112,1150.70,1935.59,
MA,3,323,9/21/2022,1,25,10/10/22,27,4/13/22,shepard's purse,NA,NA,69.8,6/1/22,shepard's purse,chickweed,NA,227.3,3.6,9092,144,1150.70,1935.59,
MA,3,324,9/21/2022,1,15,10/10/22,12,4/13/22,shepard's purse,NA,NA,49.08,6/1/22,shepard's purse,chickweed,NA,117.4,11.9,4696,476,1150.70,1935.59,
MA,3,325,9/21/2022,1,50,10/10/22,41,4/13/22,shepard's purse,NA,NA,54.53,6/1/22,shepard's purse,chickweed,NA,159,4,6360,160,1150.70,1935.59,
MA,3,326,9/21/2022,1,105,10/10/22,63,4/13/22,shepard's purse,NA,NA,56.8,6/1/22,shepard's purse,chickweed,NA,181.3,2.7,7252,108,1150.70,1935.59,